save_filename,date,start_time,expt_id,subj_id,trial_order_num,trial_type,catch_type,ITI,char_stim,font_rgb_color,response01_key,response01_time,response01_acc,response02_key,response02_time,response02_acc,luminance_contrast,
./data/scz_seq_sim_divided_attn-A18.csv,11/23/2015, 4:09:09 PM,scz_seq_sim_divided_attn,A18,1,simultaneous,catch,0.55192,BC68,100  100  100,B,1.2439,TRUE,C,1.9595,TRUE,100,
./data/scz_seq_sim_divided_attn-A18.csv,11/23/2015, 4:09:09 PM,scz_seq_sim_divided_attn,A18,2,simultaneous,catch,0.58198,3MA1,100  100  100,A,1.8175,TRUE,C,1.028,FALSE,100,
./data/scz_seq_sim_divided_attn-A18.csv,11/23/2015, 4:09:09 PM,scz_seq_sim_divided_attn,A18,3,simultaneous,catch,0.6617,F16B,100  100  100,B,1.2142,TRUE,F,1.4246,TRUE,100,
./data/scz_seq_sim_divided_attn-A18.csv,11/23/2015, 4:09:09 PM,scz_seq_sim_divided_attn,A18,4,simultaneous,catch,0.67347,9XD8,100  100  100,D,1.6946,TRUE,V,0.43224,FALSE,100,
./data/scz_seq_sim_divided_attn-A18.csv,11/23/2015, 4:09:09 PM,scz_seq_sim_divided_attn,A18,5,simultaneous,catch,0.64735,76YN,100  100  100,N,1.7022,TRUE,Y,0.92658,TRUE,100,
./data/scz_seq_sim_divided_attn-A18.csv,11/23/2015, 4:09:09 PM,scz_seq_sim_divided_attn,A18,6,simultaneous,catch,0.54512,D7A2,100  100  100,D,1.2536,TRUE,A,0.98814,TRUE,100,
./data/scz_seq_sim_divided_attn-A18.csv,11/23/2015, 4:09:09 PM,scz_seq_sim_divided_attn,A18,7,simultaneous,catch,0.569,3H6R,100  100  100,R,1.2778,TRUE,H,0.57057,TRUE,100,
./data/scz_seq_sim_divided_attn-A18.csv,11/23/2015, 4:09:09 PM,scz_seq_sim_divided_attn,A18,8,simultaneous,catch,0.63249,H49Y,100  100  100,H,1.244,TRUE,Y,0.40201,TRUE,100,
./data/scz_seq_sim_divided_attn-A18.csv,11/23/2015, 4:09:09 PM,scz_seq_sim_divided_attn,A18,9,simultaneous,catch,0.5242,46YV,100  100  100,V,0.98116,TRUE,Y,0.31514,TRUE,100,
./data/scz_seq_sim_divided_attn-A18.csv,11/23/2015, 4:09:09 PM,scz_seq_sim_divided_attn,A18,10,simultaneous,catch,0.54097,UM73,100  100  100,U,1.8727,TRUE,V,1.0353,FALSE,100,
./data/scz_seq_sim_divided_attn-A18.csv,11/23/2015, 4:09:09 PM,scz_seq_sim_divided_attn,A18,11,simultaneous,catch,0.63079,LC13,100  100  100,L,1.7852,TRUE,C,0.53373,TRUE,100,
./data/scz_seq_sim_divided_attn-A18.csv,11/23/2015, 4:09:09 PM,scz_seq_sim_divided_attn,A18,12,simultaneous,catch,0.63243,T18F,100  100  100,F,1.1998,TRUE,T,0.37038,TRUE,100,
./data/scz_seq_sim_divided_attn-A18.csv,11/23/2015, 4:09:09 PM,scz_seq_sim_divided_attn,A18,13,simultaneous,catch,0.71503,9DT1,100  100  100,T,2.1573,TRUE,I,1.1217,FALSE,100,
./data/scz_seq_sim_divided_attn-A18.csv,11/23/2015, 4:09:09 PM,scz_seq_sim_divided_attn,A18,14,simultaneous,catch,0.65009,F9P2,100  100  100,F,1.4618,TRUE,P,0.47219,TRUE,100,
./data/scz_seq_sim_divided_attn-A18.csv,11/23/2015, 4:09:09 PM,scz_seq_sim_divided_attn,A18,15,simultaneous,catch,0.59951,N4D7,100  100  100,N,1.3782,TRUE,D,0.49547,TRUE,100,
./data/scz_seq_sim_divided_attn-A18.csv,11/23/2015, 4:09:09 PM,scz_seq_sim_divided_attn,A18,16,simultaneous,catch,0.73008,6CJ8,100  100  100,J,1.4305,TRUE,N,0.53971,FALSE,100,
./data/scz_seq_sim_divided_attn-A18.csv,11/23/2015, 4:09:09 PM,scz_seq_sim_divided_attn,A18,17,simultaneous,catch,0.6117,8HR3,100  100  100,R,1.5022,TRUE,D,1.3854,FALSE,100,
./data/scz_seq_sim_divided_attn-A18.csv,11/23/2015, 4:09:09 PM,scz_seq_sim_divided_attn,A18,18,simultaneous,catch,0.66467,62DG,100  100  100,G,1.0691,TRUE,D,0.46314,TRUE,100,
./data/scz_seq_sim_divided_attn-A18.csv,11/23/2015, 4:09:09 PM,scz_seq_sim_divided_attn,A18,19,simultaneous,catch,0.53587,BL57,100  100  100,B,1.6086,TRUE,H,0.82731,FALSE,100,
./data/scz_seq_sim_divided_attn-A18.csv,11/23/2015, 4:09:09 PM,scz_seq_sim_divided_attn,A18,20,simultaneous,catch,0.50989,26RM,100  100  100,M,0.9729,TRUE,R,0.48639,TRUE,100,
./data/scz_seq_sim_divided_attn-A18.csv,11/23/2015, 4:09:09 PM,scz_seq_sim_divided_attn,A18,21,simultaneous,catch,0.66974,V6Y9,100  100  100,V,1.707,TRUE,Y,0.68,TRUE,100,
./data/scz_seq_sim_divided_attn-A18.csv,11/23/2015, 4:09:09 PM,scz_seq_sim_divided_attn,A18,22,simultaneous,catch,0.52556,F5R2,100  100  100,F,1.1278,TRUE,R,0.2234,TRUE,100,
./data/scz_seq_sim_divided_attn-A18.csv,11/23/2015, 4:09:09 PM,scz_seq_sim_divided_attn,A18,23,simultaneous,catch,0.51827,75UB,100  100  100,U,2.3819,TRUE,K,2.0303,FALSE,100,
./data/scz_seq_sim_divided_attn-A18.csv,11/23/2015, 4:09:09 PM,scz_seq_sim_divided_attn,A18,24,simultaneous,catch,0.74306,7P3M,100  100  100,M,1.5585,TRUE,G,0.52463,FALSE,100,
./data/scz_seq_sim_divided_attn-A18.csv,11/23/2015, 4:09:09 PM,scz_seq_sim_divided_attn,A18,25,simultaneous,catch,0.64779,X5N6,100  100  100,X,1.3481,TRUE,N,0.40121,TRUE,100,
./data/scz_seq_sim_divided_attn-A18.csv,11/23/2015, 4:09:09 PM,scz_seq_sim_divided_attn,A18,26,simultaneous,catch,0.55659,YM31,100  100  100,Y,1.3062,TRUE,M,0.30918,TRUE,100,
./data/scz_seq_sim_divided_attn-A18.csv,11/23/2015, 4:09:09 PM,scz_seq_sim_divided_attn,A18,27,simultaneous,catch,0.70531,C3W5,100  100  100,C,1.2202,TRUE,W,0.083694,TRUE,100,
./data/scz_seq_sim_divided_attn-A18.csv,11/23/2015, 4:09:09 PM,scz_seq_sim_divided_attn,A18,28,simultaneous,catch,0.53345,SV94,100  100  100,S,1.8427,TRUE,V,0.22297,TRUE,100,
./data/scz_seq_sim_divided_attn-A18.csv,11/23/2015, 4:09:09 PM,scz_seq_sim_divided_attn,A18,29,simultaneous,catch,0.68843,G7R9,100  100  100,G,1.1266,TRUE,R,0.091654,TRUE,100,
./data/scz_seq_sim_divided_attn-A18.csv,11/23/2015, 4:09:09 PM,scz_seq_sim_divided_attn,A18,30,simultaneous,catch,0.67764,R8F4,100  100  100,R,1.1196,TRUE,F,0.02173,TRUE,100,
./data/scz_seq_sim_divided_attn-A18.csv,11/23/2015, 4:09:09 PM,scz_seq_sim_divided_attn,A18,31,simultaneous,catch,0.51415,49LM,100  100  100,M,1.2281,TRUE,L,0.01447,TRUE,100,
./data/scz_seq_sim_divided_attn-A18.csv,11/23/2015, 4:09:09 PM,scz_seq_sim_divided_attn,A18,32,simultaneous,catch,0.60078,B38D,100  100  100,D,1.6109,TRUE,B,0.13019,TRUE,100,
./data/scz_seq_sim_divided_attn-A18.csv,11/23/2015, 4:09:09 PM,scz_seq_sim_divided_attn,A18,33,simultaneous,catch,0.54394,F98G,100  100  100,G,1.1971,TRUE,F,1.9761,TRUE,100,
./data/scz_seq_sim_divided_attn-A18.csv,11/23/2015, 4:09:09 PM,scz_seq_sim_divided_attn,A18,34,simultaneous,catch,0.60517,34RB,100  100  100,B,1.1445,TRUE,R,0.13886,TRUE,100,
./data/scz_seq_sim_divided_attn-A18.csv,11/23/2015, 4:09:09 PM,scz_seq_sim_divided_attn,A18,35,simultaneous,catch,0.51394,85QK,100  100  100,K,1.0485,TRUE,Q,0.30101,TRUE,100,
./data/scz_seq_sim_divided_attn-A18.csv,11/23/2015, 4:09:09 PM,scz_seq_sim_divided_attn,A18,36,simultaneous,catch,0.56478,W8Y5,100  100  100,W,0.97744,TRUE,Y,0.22374,TRUE,100,
./data/scz_seq_sim_divided_attn-A18.csv,11/23/2015, 4:09:09 PM,scz_seq_sim_divided_attn,A18,37,simultaneous,catch,0.64704,F8K5,100  100  100,F,1.0025,TRUE,K,0.31595,TRUE,100,
./data/scz_seq_sim_divided_attn-A18.csv,11/23/2015, 4:09:09 PM,scz_seq_sim_divided_attn,A18,38,simultaneous,catch,0.64031,17EC,100  100  100,C,1.0846,TRUE,E,0.25467,TRUE,100,
./data/scz_seq_sim_divided_attn-A18.csv,11/23/2015, 4:09:09 PM,scz_seq_sim_divided_attn,A18,39,simultaneous,catch,0.60062,98PD,100  100  100,D,0.93262,TRUE,P,0.33129,TRUE,100,
./data/scz_seq_sim_divided_attn-A18.csv,11/23/2015, 4:09:09 PM,scz_seq_sim_divided_attn,A18,40,simultaneous,catch,0.71175,54JZ,100  100  100,Z,1.2539,TRUE,J,0.42417,TRUE,100,
./data/scz_seq_sim_divided_attn-A18.csv,11/23/2015, 4:09:09 PM,scz_seq_sim_divided_attn,A18,41,simultaneous,catch,0.61307,X74M,100  100  100,M,1.0281,TRUE,X,0.25398,TRUE,100,
./data/scz_seq_sim_divided_attn-A18.csv,11/23/2015, 4:09:09 PM,scz_seq_sim_divided_attn,A18,42,simultaneous,catch,0.57702,5P8W,100  100  100,W,1.4834,TRUE,V,2.2827,FALSE,100,
./data/scz_seq_sim_divided_attn-A18.csv,11/23/2015, 4:09:09 PM,scz_seq_sim_divided_attn,A18,43,simultaneous,catch,0.63427,76MR,100  100  100,R,1.0439,TRUE,M,0.23825,TRUE,100,
./data/scz_seq_sim_divided_attn-A18.csv,11/23/2015, 4:09:09 PM,scz_seq_sim_divided_attn,A18,44,simultaneous,catch,0.59565,2AQ1,100  100  100,Q,1.4214,TRUE,L,2.2336,FALSE,100,
./data/scz_seq_sim_divided_attn-A18.csv,11/23/2015, 4:09:09 PM,scz_seq_sim_divided_attn,A18,45,simultaneous,catch,0.56684,EB81,100  100  100,E,1.2573,TRUE,C,0.09109,FALSE,100,
./data/scz_seq_sim_divided_attn-A18.csv,11/23/2015, 4:09:09 PM,scz_seq_sim_divided_attn,A18,46,simultaneous,catch,0.69136,KF24,100  100  100,F,1.2375,TRUE,R,0.7506,FALSE,100,
./data/scz_seq_sim_divided_attn-A18.csv,11/23/2015, 4:09:09 PM,scz_seq_sim_divided_attn,A18,47,simultaneous,catch,0.70386,K31H,100  100  100,H,1.1191,TRUE,K,0.21004,TRUE,100,
./data/scz_seq_sim_divided_attn-A18.csv,11/23/2015, 4:09:09 PM,scz_seq_sim_divided_attn,A18,48,simultaneous,catch,0.57876,37QM,100  100  100,M,1.2306,TRUE,Q,0.37821,TRUE,100,
./data/scz_seq_sim_divided_attn-A18.csv,11/23/2015, 4:09:09 PM,scz_seq_sim_divided_attn,A18,49,simultaneous,catch,0.5239,E86Q,100  100  100,E,1.2352,TRUE,Q,0.044995,TRUE,100,
./data/scz_seq_sim_divided_attn-A18.csv,11/23/2015, 4:09:09 PM,scz_seq_sim_divided_attn,A18,50,simultaneous,catch,0.52539,E7M4,100  100  100,E,1.3599,TRUE,W,0.044958,FALSE,100,
save_filename,date,start_time,expt_id,subj_id,trial_order_num,trial_type,catch_type,ITI,char_stim,font_rgb_color,response01_key,response01_time,response01_acc,response02_key,response02_time,response02_acc,luminance_contrast,
./data/scz_seq_sim_divided_attn-A18.csv,11/23/2015, 4:09:09 PM,scz_seq_sim_divided_attn,A18,1,sequential,catch,0.5143,R2S7,100  100  100,R,0.71278,TRUE,J,1.7942,FALSE,100,
./data/scz_seq_sim_divided_attn-A18.csv,11/23/2015, 4:09:09 PM,scz_seq_sim_divided_attn,A18,2,sequential,catch,0.50764,1V5P,100  100  100,V,2.0501,TRUE,F,0.60389,FALSE,100,
./data/scz_seq_sim_divided_attn-A18.csv,11/23/2015, 4:09:09 PM,scz_seq_sim_divided_attn,A18,3,sequential,catch,0.71118,Y57X,100  100  100,Y,1.4095,TRUE,X,0.099288,TRUE,100,
./data/scz_seq_sim_divided_attn-A18.csv,11/23/2015, 4:09:09 PM,scz_seq_sim_divided_attn,A18,4,sequential,catch,0.60535,6B9X,100  100  100,B,0.99677,TRUE,X,0.14613,TRUE,100,
./data/scz_seq_sim_divided_attn-A18.csv,11/23/2015, 4:09:09 PM,scz_seq_sim_divided_attn,A18,5,sequential,catch,0.56115,1ZX5,100  100  100,Z,1.745,TRUE,X,1.4087,TRUE,100,
./data/scz_seq_sim_divided_attn-A18.csv,11/23/2015, 4:09:09 PM,scz_seq_sim_divided_attn,A18,6,sequential,catch,0.69463,6UP3,100  100  100,U,1.8019,TRUE,P,0.93399,TRUE,100,
./data/scz_seq_sim_divided_attn-A18.csv,11/23/2015, 4:09:09 PM,scz_seq_sim_divided_attn,A18,7,sequential,catch,0.50824,2G5X,100  100  100,G,2.5943,TRUE,X,0.4486,TRUE,100,
./data/scz_seq_sim_divided_attn-A18.csv,11/23/2015, 4:09:09 PM,scz_seq_sim_divided_attn,A18,8,sequential,catch,0.57758,1R8X,100  100  100,R,1.2149,TRUE,X,0.59459,TRUE,100,
./data/scz_seq_sim_divided_attn-A18.csv,11/23/2015, 4:09:09 PM,scz_seq_sim_divided_attn,A18,9,sequential,catch,0.57936,G3C6,100  100  100,G,1.453,TRUE,C,0.7649,TRUE,100,
./data/scz_seq_sim_divided_attn-A18.csv,11/23/2015, 4:09:09 PM,scz_seq_sim_divided_attn,A18,10,sequential,catch,0.7027,B7P8,100  100  100,B,1.8279,TRUE,P,0.57809,TRUE,100,
./data/scz_seq_sim_divided_attn-A18.csv,11/23/2015, 4:09:09 PM,scz_seq_sim_divided_attn,A18,11,sequential,catch,0.5041,N41A,100  100  100,N,1.2858,TRUE,A,0.40964,TRUE,100,
./data/scz_seq_sim_divided_attn-A18.csv,11/23/2015, 4:09:09 PM,scz_seq_sim_divided_attn,A18,12,sequential,catch,0.54659,X7U1,100  100  100,X,1.2671,TRUE,U,0.3686,TRUE,100,
./data/scz_seq_sim_divided_attn-A18.csv,11/23/2015, 4:09:09 PM,scz_seq_sim_divided_attn,A18,13,sequential,catch,0.61395,5B3X,100  100  100,B,1.2057,TRUE,X,0.29388,TRUE,100,
./data/scz_seq_sim_divided_attn-A18.csv,11/23/2015, 4:09:09 PM,scz_seq_sim_divided_attn,A18,14,sequential,catch,0.65213,8BM3,100  100  100,B,1.2553,TRUE,M,0.51762,TRUE,100,
./data/scz_seq_sim_divided_attn-A18.csv,11/23/2015, 4:09:09 PM,scz_seq_sim_divided_attn,A18,15,sequential,catch,0.61853,C8B4,100  100  100,C,1.2558,TRUE,B,0.36231,TRUE,100,
./data/scz_seq_sim_divided_attn-A18.csv,11/23/2015, 4:09:09 PM,scz_seq_sim_divided_attn,A18,16,sequential,catch,0.73315,J82D,100  100  100,J,1.386,TRUE,D,0.32409,TRUE,100,
./data/scz_seq_sim_divided_attn-A18.csv,11/23/2015, 4:09:09 PM,scz_seq_sim_divided_attn,A18,17,sequential,catch,0.62604,1UP8,100  100  100,U,1.5466,TRUE,P,0.37068,TRUE,100,
./data/scz_seq_sim_divided_attn-A18.csv,11/23/2015, 4:09:09 PM,scz_seq_sim_divided_attn,A18,18,sequential,catch,0.62636,B25P,100  100  100,B,1.2134,TRUE,P,0.47803,TRUE,100,
./data/scz_seq_sim_divided_attn-A18.csv,11/23/2015, 4:09:09 PM,scz_seq_sim_divided_attn,A18,19,sequential,catch,0.60853,L3A6,100  100  100,L,1.3539,TRUE,A,0.36286,TRUE,100,
./data/scz_seq_sim_divided_attn-A18.csv,11/23/2015, 4:09:09 PM,scz_seq_sim_divided_attn,A18,20,sequential,catch,0.74114,6P1Y,100  100  100,P,1.2495,TRUE,Y,0.25352,TRUE,100,
./data/scz_seq_sim_divided_attn-A18.csv,11/23/2015, 4:09:09 PM,scz_seq_sim_divided_attn,A18,21,sequential,catch,0.6458,K7E3,100  100  100,K,1.074,TRUE,E,0.32465,TRUE,100,
./data/scz_seq_sim_divided_attn-A18.csv,11/23/2015, 4:09:09 PM,scz_seq_sim_divided_attn,A18,22,sequential,catch,0.51449,9K2F,100  100  100,K,1.3484,TRUE,F,0.31748,TRUE,100,
./data/scz_seq_sim_divided_attn-A18.csv,11/23/2015, 4:09:09 PM,scz_seq_sim_divided_attn,A18,23,sequential,catch,0.74767,U5Q1,100  100  100,U,1.5703,TRUE,Q,0.28498,TRUE,100,
./data/scz_seq_sim_divided_attn-A18.csv,11/23/2015, 4:09:09 PM,scz_seq_sim_divided_attn,A18,24,sequential,catch,0.72054,7W4P,100  100  100,W,1.3847,TRUE,P,0.40357,TRUE,100,
./data/scz_seq_sim_divided_attn-A18.csv,11/23/2015, 4:09:09 PM,scz_seq_sim_divided_attn,A18,25,sequential,catch,0.54721,S96K,100  100  100,S,1.1851,TRUE,K,0.38548,TRUE,100,
./data/scz_seq_sim_divided_attn-A18.csv,11/23/2015, 4:09:09 PM,scz_seq_sim_divided_attn,A18,26,sequential,catch,0.72527,V67W,100  100  100,V,1.23,TRUE,W,0.22216,TRUE,100,
./data/scz_seq_sim_divided_attn-A18.csv,11/23/2015, 4:09:09 PM,scz_seq_sim_divided_attn,A18,27,sequential,catch,0.5319,K94N,100  100  100,K,1.5859,TRUE,N,0.32519,TRUE,100,
./data/scz_seq_sim_divided_attn-A18.csv,11/23/2015, 4:09:09 PM,scz_seq_sim_divided_attn,A18,28,sequential,catch,0.74368,G64N,100  100  100,G,2.7071,TRUE,N,0.26223,TRUE,100,
./data/scz_seq_sim_divided_attn-A18.csv,11/23/2015, 4:09:09 PM,scz_seq_sim_divided_attn,A18,29,sequential,catch,0.68286,S4B7,100  100  100,S,2.1204,TRUE,B,0.44111,TRUE,100,
./data/scz_seq_sim_divided_attn-A18.csv,11/23/2015, 4:09:09 PM,scz_seq_sim_divided_attn,A18,30,sequential,catch,0.72388,2B3N,100  100  100,Z,1.3849,FALSE,N,0.3711,TRUE,100,
./data/scz_seq_sim_divided_attn-A18.csv,11/23/2015, 4:09:09 PM,scz_seq_sim_divided_attn,A18,31,sequential,catch,0.73908,J5M9,100  100  100,J,1.3833,TRUE,M,0.34657,TRUE,100,
./data/scz_seq_sim_divided_attn-A18.csv,11/23/2015, 4:09:09 PM,scz_seq_sim_divided_attn,A18,32,sequential,catch,0.6929,S14M,100  100  100,S,1.3636,TRUE,M,0.36173,TRUE,100,
./data/scz_seq_sim_divided_attn-A18.csv,11/23/2015, 4:09:09 PM,scz_seq_sim_divided_attn,A18,33,sequential,catch,0.72941,V1A4,100  100  100,V,5.7629,TRUE,A,0.19958,TRUE,100,
./data/scz_seq_sim_divided_attn-A18.csv,11/23/2015, 4:09:09 PM,scz_seq_sim_divided_attn,A18,34,sequential,catch,0.67937,Q68K,100  100  100,Q,1.2064,TRUE,K,0.39393,TRUE,100,
./data/scz_seq_sim_divided_attn-A18.csv,11/23/2015, 4:09:09 PM,scz_seq_sim_divided_attn,A18,35,sequential,catch,0.59719,S8U7,100  100  100,Z,1.1425,FALSE,U,0.2084,TRUE,100,
./data/scz_seq_sim_divided_attn-A18.csv,11/23/2015, 4:09:09 PM,scz_seq_sim_divided_attn,A18,36,sequential,catch,0.57188,1NR2,100  100  100,N,1.1672,TRUE,R,0.099397,TRUE,100,
./data/scz_seq_sim_divided_attn-A18.csv,11/23/2015, 4:09:09 PM,scz_seq_sim_divided_attn,A18,37,sequential,catch,0.52329,L4Y1,100  100  100,L,1.1977,TRUE,Y,0.11495,TRUE,100,
./data/scz_seq_sim_divided_attn-A18.csv,11/23/2015, 4:09:09 PM,scz_seq_sim_divided_attn,A18,38,sequential,catch,0.53805,K7M9,100  100  100,K,1.2778,TRUE,M,0.26258,TRUE,100,
./data/scz_seq_sim_divided_attn-A18.csv,11/23/2015, 4:09:09 PM,scz_seq_sim_divided_attn,A18,39,sequential,catch,0.59894,3U2K,100  100  100,U,1.2967,TRUE,K,0.2911,TRUE,100,
./data/scz_seq_sim_divided_attn-A18.csv,11/23/2015, 4:09:09 PM,scz_seq_sim_divided_attn,A18,40,sequential,catch,0.65644,T52G,100  100  100,T,1.2197,TRUE,G,0.21444,TRUE,100,
./data/scz_seq_sim_divided_attn-A18.csv,11/23/2015, 4:09:09 PM,scz_seq_sim_divided_attn,A18,41,sequential,catch,0.66854,P74W,100  100  100,P,1.1594,TRUE,W,0.22401,TRUE,100,
./data/scz_seq_sim_divided_attn-A18.csv,11/23/2015, 4:09:09 PM,scz_seq_sim_divided_attn,A18,42,sequential,catch,0.57111,C8B1,100  100  100,C,1.0962,TRUE,B,0.22417,TRUE,100,
./data/scz_seq_sim_divided_attn-A18.csv,11/23/2015, 4:09:09 PM,scz_seq_sim_divided_attn,A18,43,sequential,catch,0.57869,B8M6,100  100  100,B,1.3531,TRUE,M,0.30924,TRUE,100,
./data/scz_seq_sim_divided_attn-A18.csv,11/23/2015, 4:09:09 PM,scz_seq_sim_divided_attn,A18,44,sequential,catch,0.65494,3HX6,100  100  100,H,1.7115,TRUE,X,0.31676,TRUE,100,
./data/scz_seq_sim_divided_attn-A18.csv,11/23/2015, 4:09:09 PM,scz_seq_sim_divided_attn,A18,45,sequential,catch,0.69572,3H6D,100  100  100,H,1.1967,TRUE,D,0.16154,TRUE,100,
./data/scz_seq_sim_divided_attn-A18.csv,11/23/2015, 4:09:09 PM,scz_seq_sim_divided_attn,A18,46,sequential,catch,0.69226,Z3J1,100  100  100,Z,1.2987,TRUE,J,0.36238,TRUE,100,
./data/scz_seq_sim_divided_attn-A18.csv,11/23/2015, 4:09:09 PM,scz_seq_sim_divided_attn,A18,47,sequential,catch,0.60188,1GQ3,100  100  100,G,2.0746,TRUE,Q,0.23938,TRUE,100,
./data/scz_seq_sim_divided_attn-A18.csv,11/23/2015, 4:09:09 PM,scz_seq_sim_divided_attn,A18,48,sequential,catch,0.56318,A74Q,100  100  100,A,1.4619,TRUE,Q,1.5172,TRUE,100,
./data/scz_seq_sim_divided_attn-A18.csv,11/23/2015, 4:09:09 PM,scz_seq_sim_divided_attn,A18,49,sequential,catch,0.69307,6PB5,100  100  100,P,1.4558,TRUE,B,0.52496,TRUE,100,
./data/scz_seq_sim_divided_attn-A18.csv,11/23/2015, 4:09:09 PM,scz_seq_sim_divided_attn,A18,50,sequential,catch,0.51539,Y4X9,100  100  100,Y,1.2132,TRUE,X,0.29454,TRUE,100,
save_filename,date,start_time,expt_id,subj_id,trial_order_num,trial_type,catch_type,ITI,char_stim,font_rgb_color,response01_key,response01_time,response01_acc,response02_key,response02_time,response02_acc,luminance_contrast,
./data/scz_seq_sim_divided_attn-A18.csv,11/23/2015, 4:09:08 PM,scz_seq_sim_divided_attn,A18,1,simultaneous,no_catch,0.63193,1BD2,15.2229      15.2229      15.2229,B,2.752,TRUE,V,0.99803,FALSE,15.2229,
./data/scz_seq_sim_divided_attn-A18.csv,11/23/2015, 4:09:08 PM,scz_seq_sim_divided_attn,A18,2,simultaneous,no_catch,0.60694,1PQ2,30.4177      30.4177      30.4177,P,1.2594,TRUE,Q,0.25884,TRUE,30.4177,
./data/scz_seq_sim_divided_attn-A18.csv,11/23/2015, 4:09:08 PM,scz_seq_sim_divided_attn,A18,3,simultaneous,no_catch,0.71963,TR49,22.0828      22.0828      22.0828,R,1.3536,TRUE,T,0.34686,TRUE,22.0828,
./data/scz_seq_sim_divided_attn-A18.csv,11/23/2015, 4:09:08 PM,scz_seq_sim_divided_attn,A18,4,simultaneous,no_catch,0.71327,7Y3P,18.1637      18.1637      18.1637,P,1.7541,TRUE,Y,0.11516,TRUE,18.1637,
./data/scz_seq_sim_divided_attn-A18.csv,11/23/2015, 4:09:08 PM,scz_seq_sim_divided_attn,A18,5,simultaneous,no_catch,0.55863,17GS,15.8638      15.8638      15.8638,S,1.5314,TRUE,T,0.099061,FALSE,15.8638,
./data/scz_seq_sim_divided_attn-A18.csv,11/23/2015, 4:09:08 PM,scz_seq_sim_divided_attn,A18,6,simultaneous,no_catch,0.50684,B5F1,17.9809      17.9809      17.9809,S,1.3144,FALSE,U,0.31509,FALSE,17.9809,
./data/scz_seq_sim_divided_attn-A18.csv,11/23/2015, 4:09:08 PM,scz_seq_sim_divided_attn,A18,7,simultaneous,no_catch,0.50669,LC76,24.0748      24.0748      24.0748,L,1.2657,TRUE,C,0.20737,TRUE,24.0748,
./data/scz_seq_sim_divided_attn-A18.csv,11/23/2015, 4:09:08 PM,scz_seq_sim_divided_attn,A18,8,simultaneous,no_catch,0.50596,61TD,21.3335      21.3335      21.3335,D,1.4226,TRUE,T,0.23831,TRUE,21.3335,
./data/scz_seq_sim_divided_attn-A18.csv,11/23/2015, 4:09:08 PM,scz_seq_sim_divided_attn,A18,9,simultaneous,no_catch,0.55942,3Y9D,19.7475      19.7475      19.7475,D,1.1147,TRUE,Y,0.12284,TRUE,19.7475,
./data/scz_seq_sim_divided_attn-A18.csv,11/23/2015, 4:09:08 PM,scz_seq_sim_divided_attn,A18,10,simultaneous,no_catch,0.62579,N47Q,18.659       18.659       18.659,Q,2.5825,TRUE,H,0.084476,FALSE,18.659,
./data/scz_seq_sim_divided_attn-A18.csv,11/23/2015, 4:09:08 PM,scz_seq_sim_divided_attn,A18,11,simultaneous,no_catch,0.65969,95ZA,19.582       19.582       19.582,A,1.2375,TRUE,Z,0.10739,TRUE,19.582,
./data/scz_seq_sim_divided_attn-A18.csv,11/23/2015, 4:09:08 PM,scz_seq_sim_divided_attn,A18,12,simultaneous,no_catch,0.53727,N95G,18.7183      18.7183      18.7183,G,3.4316,TRUE,H,1.8559,FALSE,18.7183,
./data/scz_seq_sim_divided_attn-A18.csv,11/23/2015, 4:09:08 PM,scz_seq_sim_divided_attn,A18,13,simultaneous,no_catch,0.57475,LB13,19.449       19.449       19.449,L,1.7314,TRUE,B,0.18413,TRUE,19.449,
./data/scz_seq_sim_divided_attn-A18.csv,11/23/2015, 4:09:08 PM,scz_seq_sim_divided_attn,A18,14,simultaneous,no_catch,0.66706,T18G,18.7379      18.7379      18.7379,G,1.2236,TRUE,T,0.16829,TRUE,18.7379,
./data/scz_seq_sim_divided_attn-A18.csv,11/23/2015, 4:09:08 PM,scz_seq_sim_divided_attn,A18,15,simultaneous,no_catch,0.58058,7C6V,18.1556      18.1556      18.1556,V,1.4833,TRUE,Y,0.052789,FALSE,18.1556,
./data/scz_seq_sim_divided_attn-A18.csv,11/23/2015, 4:09:08 PM,scz_seq_sim_divided_attn,A18,16,simultaneous,no_catch,0.62685,1PA8,18.6854      18.6854      18.6854,L,1.3909,FALSE,P,0.029432,TRUE,18.6854,
./data/scz_seq_sim_divided_attn-A18.csv,11/23/2015, 4:09:08 PM,scz_seq_sim_divided_attn,A18,17,simultaneous,no_catch,0.61332,YN15,19.2182      19.2182      19.2182,N,1.0416,TRUE,Y,0.20761,TRUE,19.2182,
./data/scz_seq_sim_divided_attn-A18.csv,11/23/2015, 4:09:08 PM,scz_seq_sim_divided_attn,A18,18,simultaneous,no_catch,0.59878,21LC,18.6902      18.6902      18.6902,C,1.1109,TRUE,L,0.16151,TRUE,18.6902,
./data/scz_seq_sim_divided_attn-A18.csv,11/23/2015, 4:09:08 PM,scz_seq_sim_divided_attn,A18,19,simultaneous,no_catch,0.54118,7C9G,18.2416      18.2416      18.2416,G,1.5943,TRUE,C,0.47896,TRUE,18.2416,
./data/scz_seq_sim_divided_attn-A18.csv,11/23/2015, 4:09:08 PM,scz_seq_sim_divided_attn,A18,20,simultaneous,no_catch,0.559,V29L,17.8527      17.8527      17.8527,L,1.1615,TRUE,V,0.38651,TRUE,17.8527,
./data/scz_seq_sim_divided_attn-A18.csv,11/23/2015, 4:09:08 PM,scz_seq_sim_divided_attn,A18,21,simultaneous,no_catch,0.69603,7T8E,17.5087      17.5087      17.5087,E,1.152,TRUE,Y,0.2463,FALSE,17.5087,
./data/scz_seq_sim_divided_attn-A18.csv,11/23/2015, 4:09:08 PM,scz_seq_sim_divided_attn,A18,22,simultaneous,no_catch,0.64794,6KY7,17.8154      17.8154      17.8154,N,1.4616,FALSE,Y,0.083681,TRUE,17.8154,
./data/scz_seq_sim_divided_attn-A18.csv,11/23/2015, 4:09:08 PM,scz_seq_sim_divided_attn,A18,23,simultaneous,no_catch,0.73109,N5H1,18.1367      18.1367      18.1367,N,1.4143,TRUE,H,1.0051,TRUE,18.1367,
./data/scz_seq_sim_divided_attn-A18.csv,11/23/2015, 4:09:08 PM,scz_seq_sim_divided_attn,A18,24,simultaneous,no_catch,0.50766,BV84,17.8149      17.8149      17.8149,V,1.8406,TRUE,Y,0.84938,FALSE,17.8149,
./data/scz_seq_sim_divided_attn-A18.csv,11/23/2015, 4:09:08 PM,scz_seq_sim_divided_attn,A18,25,simultaneous,no_catch,0.62887,L2Q6,18.11        18.11        18.11,L,1.2752,TRUE,Z,0.50929,FALSE,18.11,
./data/scz_seq_sim_divided_attn-A18.csv,11/23/2015, 4:09:08 PM,scz_seq_sim_divided_attn,A18,26,simultaneous,no_catch,0.70195,P61J,18.4255      18.4255      18.4255,J,1.1059,TRUE,P,0.47849,TRUE,18.4255,
./data/scz_seq_sim_divided_attn-A18.csv,11/23/2015, 4:09:08 PM,scz_seq_sim_divided_attn,A18,27,simultaneous,no_catch,0.57256,B7D9,18.1164      18.1164      18.1164,B,1.1398,TRUE,Y,0.23937,FALSE,18.1164,
./data/scz_seq_sim_divided_attn-A18.csv,11/23/2015, 4:09:08 PM,scz_seq_sim_divided_attn,A18,28,simultaneous,no_catch,0.69703,9JD1,18.4075      18.4075      18.4075,J,2.0351,TRUE,I,0.19224,FALSE,18.4075,
./data/scz_seq_sim_divided_attn-A18.csv,11/23/2015, 4:09:08 PM,scz_seq_sim_divided_attn,A18,29,simultaneous,no_catch,0.74777,Y7R8,18.7136      18.7136      18.7136,Y,1.2442,TRUE,X,0.14596,FALSE,18.7136,
./data/scz_seq_sim_divided_attn-A18.csv,11/23/2015, 4:09:08 PM,scz_seq_sim_divided_attn,A18,30,simultaneous,no_catch,0.68372,PJ74,19.0009      19.0009      19.0009,P,1.357,TRUE,J,0.66587,TRUE,19.0009,
./data/scz_seq_sim_divided_attn-A18.csv,11/23/2015, 4:09:08 PM,scz_seq_sim_divided_attn,A18,31,simultaneous,no_catch,0.52248,V1K6,18.7043      18.7043      18.7043,V,1.345,TRUE,K,0.13833,TRUE,18.7043,
./data/scz_seq_sim_divided_attn-A18.csv,11/23/2015, 4:09:08 PM,scz_seq_sim_divided_attn,A18,32,simultaneous,no_catch,0.5354,P24M,18.4338      18.4338      18.4338,P,1.0647,TRUE,M,0.21588,TRUE,18.4338,
./data/scz_seq_sim_divided_attn-A18.csv,11/23/2015, 4:09:08 PM,scz_seq_sim_divided_attn,A18,33,simultaneous,no_catch,0.73155,5B4H,18.1826      18.1826      18.1826,H,1.118,TRUE,S,0.10682,FALSE,18.1826,
./data/scz_seq_sim_divided_attn-A18.csv,11/23/2015, 4:09:08 PM,scz_seq_sim_divided_attn,A18,34,simultaneous,no_catch,0.73552,Y5C1,18.4166      18.4166      18.4166,Y,1.3511,TRUE,C,0.91828,TRUE,18.4166,
./data/scz_seq_sim_divided_attn-A18.csv,11/23/2015, 4:09:08 PM,scz_seq_sim_divided_attn,A18,35,simultaneous,no_catch,0.60441,23PC,18.1803      18.1803      18.1803,C,0.91951,TRUE,P,0.61032,TRUE,18.1803,
./data/scz_seq_sim_divided_attn-A18.csv,11/23/2015, 4:09:08 PM,scz_seq_sim_divided_attn,A18,36,simultaneous,no_catch,0.55271,NL84,17.9708      17.9708      17.9708,N,1.2739,TRUE,L,0.4019,TRUE,17.9708,
./data/scz_seq_sim_divided_attn-A18.csv,11/23/2015, 4:09:08 PM,scz_seq_sim_divided_attn,A18,37,simultaneous,no_catch,0.51606,Y5R3,17.7675      17.7675      17.7675,Y,1.2589,TRUE,R,0.40993,TRUE,17.7675,
./data/scz_seq_sim_divided_attn-A18.csv,11/23/2015, 4:09:08 PM,scz_seq_sim_divided_attn,A18,38,simultaneous,no_catch,0.54827,46CM,17.586       17.586       17.586,M,1.0192,TRUE,C,0.18442,TRUE,17.586,
./data/scz_seq_sim_divided_attn-A18.csv,11/23/2015, 4:09:08 PM,scz_seq_sim_divided_attn,A18,39,simultaneous,no_catch,0.61815,38HL,17.4101      17.4101      17.4101,L,1.1899,TRUE,H,0.24451,TRUE,17.4101,
./data/scz_seq_sim_divided_attn-A18.csv,11/23/2015, 4:09:08 PM,scz_seq_sim_divided_attn,A18,40,simultaneous,no_catch,0.62589,XC57,17.2466      17.2466      17.2466,Y,1.1359,FALSE,K,0.15386,FALSE,17.2466,
./data/scz_seq_sim_divided_attn-A18.csv,11/23/2015, 4:09:08 PM,scz_seq_sim_divided_attn,A18,41,simultaneous,no_catch,0.5617,9L1J,17.726       17.726       17.726,J,1.523,TRUE,I,0.94263,FALSE,17.726,
./data/scz_seq_sim_divided_attn-A18.csv,11/23/2015, 4:09:08 PM,scz_seq_sim_divided_attn,A18,42,simultaneous,no_catch,0.6243,F28T,17.901       17.901       17.901,T,1.6082,TRUE,F,0.36219,TRUE,17.901,
./data/scz_seq_sim_divided_attn-A18.csv,11/23/2015, 4:09:08 PM,scz_seq_sim_divided_attn,A18,43,simultaneous,no_catch,0.55331,CP75,17.7259      17.7259      17.7259,C,1.1287,TRUE,H,0.76732,FALSE,17.7259,
./data/scz_seq_sim_divided_attn-A18.csv,11/23/2015, 4:09:08 PM,scz_seq_sim_divided_attn,A18,44,simultaneous,no_catch,0.56874,L72J,17.8934      17.8934      17.8934,J,1.2769,TRUE,L,0.36319,TRUE,17.8934,
./data/scz_seq_sim_divided_attn-A18.csv,11/23/2015, 4:09:08 PM,scz_seq_sim_divided_attn,A18,45,simultaneous,no_catch,0.72184,L8X4,17.7256      17.7256      17.7256,L,1.2587,TRUE,X,0.1864,TRUE,17.7256,
./data/scz_seq_sim_divided_attn-A18.csv,11/23/2015, 4:09:08 PM,scz_seq_sim_divided_attn,A18,46,simultaneous,no_catch,0.52165,ZT87,17.5756      17.5756      17.5756,T,1.1134,TRUE,F,0.22432,FALSE,17.5756,
./data/scz_seq_sim_divided_attn-A18.csv,11/23/2015, 4:09:08 PM,scz_seq_sim_divided_attn,A18,47,simultaneous,no_catch,0.7361,83FU,17.7251      17.7251      17.7251,U,0.98308,TRUE,F,0.24761,TRUE,17.7251,
./data/scz_seq_sim_divided_attn-A18.csv,11/23/2015, 4:09:08 PM,scz_seq_sim_divided_attn,A18,48,simultaneous,no_catch,0.65653,N28G,17.5812      17.5812      17.5812,G,1.1371,TRUE,N,0.16801,TRUE,17.5812,
./data/scz_seq_sim_divided_attn-A18.csv,11/23/2015, 4:09:08 PM,scz_seq_sim_divided_attn,A18,49,simultaneous,no_catch,0.64377,YP29,17.4394      17.4394      17.4394,Y,1.1161,TRUE,Z,0.69702,FALSE,17.4394,
./data/scz_seq_sim_divided_attn-A18.csv,11/23/2015, 4:09:08 PM,scz_seq_sim_divided_attn,A18,50,simultaneous,no_catch,0.63519,6Y5E,17.5705      17.5705      17.5705,E,1.2931,TRUE,G,0.060028,FALSE,17.5705,
./data/scz_seq_sim_divided_attn-A18.csv,11/23/2015, 4:09:08 PM,scz_seq_sim_divided_attn,A18,51,simultaneous,no_catch,0.6352,5NB6,17.7088      17.7088      17.7088,G,1.1387,FALSE,B,0.36278,TRUE,17.7088,
./data/scz_seq_sim_divided_attn-A18.csv,11/23/2015, 4:09:08 PM,scz_seq_sim_divided_attn,A18,52,simultaneous,no_catch,0.67082,3F9E,17.8509      17.8509      17.8509,E,2.0126,TRUE,B,0.36386,FALSE,17.8509,
./data/scz_seq_sim_divided_attn-A18.csv,11/23/2015, 4:09:08 PM,scz_seq_sim_divided_attn,A18,53,simultaneous,no_catch,0.67608,MQ18,17.9868      17.9868      17.9868,N,1.2841,FALSE,Q,0.41805,TRUE,17.9868,
./data/scz_seq_sim_divided_attn-A18.csv,11/23/2015, 4:09:08 PM,scz_seq_sim_divided_attn,A18,54,simultaneous,no_catch,0.62134,7PZ9,18.1304      18.1304      18.1304,L,1.3262,FALSE,Z,0.25383,TRUE,18.1304,
./data/scz_seq_sim_divided_attn-A18.csv,11/23/2015, 4:09:08 PM,scz_seq_sim_divided_attn,A18,55,simultaneous,no_catch,0.542,YN31,18.2792      18.2792      18.2792,Y,1.2531,TRUE,N,0.13821,TRUE,18.2792,
./data/scz_seq_sim_divided_attn-A18.csv,11/23/2015, 4:09:08 PM,scz_seq_sim_divided_attn,A18,56,simultaneous,no_catch,0.53829,KF76,18.1296      18.1296      18.1296,F,1.3095,TRUE,N,0.1536,FALSE,18.1296,
./data/scz_seq_sim_divided_attn-A18.csv,11/23/2015, 4:09:08 PM,scz_seq_sim_divided_attn,A18,57,simultaneous,no_catch,0.74512,83FH,18.2729      18.2729      18.2729,H,0.92965,TRUE,F,0.07687,TRUE,18.2729,
./data/scz_seq_sim_divided_attn-A18.csv,11/23/2015, 4:09:08 PM,scz_seq_sim_divided_attn,A18,58,simultaneous,no_catch,0.66355,27TR,18.1287      18.1287      18.1287,R,1.02,TRUE,T,0.037223,TRUE,18.1287,
./data/scz_seq_sim_divided_attn-A18.csv,11/23/2015, 4:09:08 PM,scz_seq_sim_divided_attn,A18,59,simultaneous,no_catch,0.69231,B5K2,17.9996      17.9996      17.9996,Z,1.2772,FALSE,K,0.14525,TRUE,17.9996,
./data/scz_seq_sim_divided_attn-A18.csv,11/23/2015, 4:09:08 PM,scz_seq_sim_divided_attn,A18,60,simultaneous,no_catch,0.73258,16SQ,18.1277      18.1277      18.1277,Q,1.3922,TRUE,S,0.23107,TRUE,18.1277,
./data/scz_seq_sim_divided_attn-A18.csv,11/23/2015, 4:09:08 PM,scz_seq_sim_divided_attn,A18,61,simultaneous,no_catch,0.52577,4L8V,18.003       18.003       18.003,V,1.1754,TRUE,L,0.2005,TRUE,18.003,
./data/scz_seq_sim_divided_attn-A18.csv,11/23/2015, 4:09:08 PM,scz_seq_sim_divided_attn,A18,62,simultaneous,no_catch,0.62556,1BF6,17.8803      17.8803      17.8803,F,1.4669,TRUE,L,0.044886,FALSE,17.8803,
./data/scz_seq_sim_divided_attn-A18.csv,11/23/2015, 4:09:08 PM,scz_seq_sim_divided_attn,A18,63,simultaneous,no_catch,0.73504,Y1Z4,17.9927      17.9927      17.9927,Y,1.2212,TRUE,Z,0.59532,TRUE,17.9927,
./data/scz_seq_sim_divided_attn-A18.csv,11/23/2015, 4:09:08 PM,scz_seq_sim_divided_attn,A18,64,simultaneous,no_catch,0.74276,5L6B,17.8737      17.8737      17.8737,B,1.0352,TRUE,L,0.15417,TRUE,17.8737,
./data/scz_seq_sim_divided_attn-A18.csv,11/23/2015, 4:09:08 PM,scz_seq_sim_divided_attn,A18,65,simultaneous,no_catch,0.5062,4G6V,17.7542      17.7542      17.7542,V,1.1049,TRUE,G,0.098887,TRUE,17.7542,
./data/scz_seq_sim_divided_attn-A18.csv,11/23/2015, 4:09:08 PM,scz_seq_sim_divided_attn,A18,66,simultaneous,no_catch,0.6389,X8E9,17.6487      17.6487      17.6487,E,1.4056,TRUE,X,1.2997,TRUE,17.6487,
./data/scz_seq_sim_divided_attn-A18.csv,11/23/2015, 4:09:08 PM,scz_seq_sim_divided_attn,A18,67,simultaneous,no_catch,0.71931,3JD4,17.5461      17.5461      17.5461,Y,1.0207,FALSE,D,0.33865,TRUE,17.5461,
./data/scz_seq_sim_divided_attn-A18.csv,11/23/2015, 4:09:08 PM,scz_seq_sim_divided_attn,A18,68,simultaneous,no_catch,0.59841,R53D,17.6496      17.6496      17.6496,D,1.1103,TRUE,R,0.19226,TRUE,17.6496,
./data/scz_seq_sim_divided_attn-A18.csv,11/23/2015, 4:09:08 PM,scz_seq_sim_divided_attn,A18,69,simultaneous,no_catch,0.63268,54YU,17.5499      17.5499      17.5499,U,1.1123,TRUE,Y,0.18053,TRUE,17.5499,
./data/scz_seq_sim_divided_attn-A18.csv,11/23/2015, 4:09:08 PM,scz_seq_sim_divided_attn,A18,70,simultaneous,no_catch,0.64064,MG79,17.4506      17.4506      17.4506,M,1.4777,TRUE,Y,0.18539,FALSE,17.4506,
./data/scz_seq_sim_divided_attn-A18.csv,11/23/2015, 4:09:08 PM,scz_seq_sim_divided_attn,A18,71,simultaneous,no_catch,0.52581,5Z1T,17.5424      17.5424      17.5424,T,1.106,TRUE,Y,0.1531,FALSE,17.5424,
./data/scz_seq_sim_divided_attn-A18.csv,11/23/2015, 4:09:08 PM,scz_seq_sim_divided_attn,A18,72,simultaneous,no_catch,0.532,6TM7,17.6298      17.6298      17.6298,W,1.4765,FALSE,R,0.02979,FALSE,17.6298,
./data/scz_seq_sim_divided_attn-A18.csv,11/23/2015, 4:09:08 PM,scz_seq_sim_divided_attn,A18,73,simultaneous,no_catch,0.55403,3ZK8,17.9298      17.9298      17.9298,K,1.2435,TRUE,X,0.24722,FALSE,17.9298,
./data/scz_seq_sim_divided_attn-A18.csv,11/23/2015, 4:09:08 PM,scz_seq_sim_divided_attn,A18,74,simultaneous,no_catch,0.50668,UV27,18.0244      18.0244      18.0244,U,1.3078,TRUE,V,0.19919,TRUE,18.0244,
./data/scz_seq_sim_divided_attn-A18.csv,11/23/2015, 4:09:08 PM,scz_seq_sim_divided_attn,A18,75,simultaneous,no_catch,0.64205,E67R,17.9225      17.9225      17.9225,R,1.3179,TRUE,E,0.037223,TRUE,17.9225,
./data/scz_seq_sim_divided_attn-A18.csv,11/23/2015, 4:09:08 PM,scz_seq_sim_divided_attn,A18,76,simultaneous,no_catch,0.69809,PW84,17.821       17.821       17.821,P,1.1539,TRUE,M,0.15455,FALSE,17.821,
./data/scz_seq_sim_divided_attn-A18.csv,11/23/2015, 4:09:08 PM,scz_seq_sim_divided_attn,A18,77,simultaneous,no_catch,0.67025,A8H9,17.9163      17.9163      17.9163,H,1.1559,TRUE,R,0.22331,FALSE,17.9163,
./data/scz_seq_sim_divided_attn-A18.csv,11/23/2015, 4:09:08 PM,scz_seq_sim_divided_attn,A18,78,simultaneous,no_catch,0.54378,9GX2,18.0065      18.0065      18.0065,Z,1.0832,FALSE,Y,0.1606,FALSE,18.0065,
./data/scz_seq_sim_divided_attn-A18.csv,11/23/2015, 4:09:08 PM,scz_seq_sim_divided_attn,A18,79,simultaneous,no_catch,0.52268,2E7U,18.3119      18.3119      18.3119,U,1.3293,TRUE,T,0.86825,FALSE,18.3119,
./data/scz_seq_sim_divided_attn-A18.csv,11/23/2015, 4:09:08 PM,scz_seq_sim_divided_attn,A18,80,simultaneous,no_catch,0.50148,9F6S,18.4102      18.4102      18.4102,S,1.1223,TRUE,P,0.61011,FALSE,18.4102,
./data/scz_seq_sim_divided_attn-A18.csv,11/23/2015, 4:09:08 PM,scz_seq_sim_divided_attn,A18,81,simultaneous,no_catch,0.58599,2V6P,18.516       18.516       18.516,P,1.4158,TRUE,R,0.17024,FALSE,18.516,
./data/scz_seq_sim_divided_attn-A18.csv,11/23/2015, 4:09:08 PM,scz_seq_sim_divided_attn,A18,82,simultaneous,no_catch,0.62372,S68U,18.6234      18.6234      18.6234,U,1.2946,TRUE,S,0.22351,TRUE,18.6234,
./data/scz_seq_sim_divided_attn-A18.csv,11/23/2015, 4:09:08 PM,scz_seq_sim_divided_attn,A18,83,simultaneous,no_catch,0.55788,4LK3,18.5156      18.5156      18.5156,R,1.2442,FALSE,K,0.23157,TRUE,18.5156,
./data/scz_seq_sim_divided_attn-A18.csv,11/23/2015, 4:09:08 PM,scz_seq_sim_divided_attn,A18,84,simultaneous,no_catch,0.58749,D7P5,18.6198      18.6198      18.6198,D,1.1927,TRUE,P,0.23934,TRUE,18.6198,
./data/scz_seq_sim_divided_attn-A18.csv,11/23/2015, 4:09:08 PM,scz_seq_sim_divided_attn,A18,85,simultaneous,no_catch,0.57845,W93Y,18.5151      18.5151      18.5151,Y,1.7402,TRUE,R,0.3638,FALSE,18.5151,
./data/scz_seq_sim_divided_attn-A18.csv,11/23/2015, 4:09:08 PM,scz_seq_sim_divided_attn,A18,86,simultaneous,no_catch,0.53069,HD63,18.6163      18.6163      18.6163,H,1.2538,TRUE,G,0.052289,FALSE,18.6163,
./data/scz_seq_sim_divided_attn-A18.csv,11/23/2015, 4:09:08 PM,scz_seq_sim_divided_attn,A18,87,simultaneous,no_catch,0.53109,N3K6,18.7215      18.7215      18.7215,N,0.91678,TRUE,K,0.16178,TRUE,18.7215,
./data/scz_seq_sim_divided_attn-A18.csv,11/23/2015, 4:09:08 PM,scz_seq_sim_divided_attn,A18,88,simultaneous,no_catch,0.6578,3C9X,18.6129      18.6129      18.6129,X,1.3203,TRUE,C,0.02192,TRUE,18.6129,
./data/scz_seq_sim_divided_attn-A18.csv,11/23/2015, 4:09:08 PM,scz_seq_sim_divided_attn,A18,89,simultaneous,no_catch,0.62355,L73X,18.514       18.514       18.514,X,1.1429,TRUE,Q,2.6207,FALSE,18.514,
./data/scz_seq_sim_divided_attn-A18.csv,11/23/2015, 4:09:08 PM,scz_seq_sim_divided_attn,A18,90,simultaneous,no_catch,0.66037,7R9P,18.6096      18.6096      18.6096,P,1.6542,TRUE,R,0.41694,TRUE,18.6096,
./data/scz_seq_sim_divided_attn-A18.csv,11/23/2015, 4:09:08 PM,scz_seq_sim_divided_attn,A18,91,simultaneous,no_catch,0.50581,W9E3,18.5135      18.5135      18.5135,N,1.0588,FALSE,E,0.28543,TRUE,18.5135,
./data/scz_seq_sim_divided_attn-A18.csv,11/23/2015, 4:09:08 PM,scz_seq_sim_divided_attn,A18,92,simultaneous,no_catch,0.71989,N47V,18.6064      18.6064      18.6064,V,1.2057,TRUE,N,0.10686,TRUE,18.6064,
./data/scz_seq_sim_divided_attn-A18.csv,11/23/2015, 4:09:08 PM,scz_seq_sim_divided_attn,A18,93,simultaneous,no_catch,0.60536,HM92,18.513       18.513       18.513,H,1.4058,TRUE,Z,0.27023,FALSE,18.513,
./data/scz_seq_sim_divided_attn-A18.csv,11/23/2015, 4:09:08 PM,scz_seq_sim_divided_attn,A18,94,simultaneous,no_catch,0.61743,LH52,18.6034      18.6034      18.6034,L,1.2068,TRUE,X,0.26941,FALSE,18.6034,
./data/scz_seq_sim_divided_attn-A18.csv,11/23/2015, 4:09:08 PM,scz_seq_sim_divided_attn,A18,95,simultaneous,no_catch,0.66221,CW59,18.6997      18.6997      18.6997,L,1.0583,FALSE,K,0.7011,FALSE,18.6997,
./data/scz_seq_sim_divided_attn-A18.csv,11/23/2015, 4:09:08 PM,scz_seq_sim_divided_attn,A18,96,simultaneous,no_catch,0.53956,H3Q6,18.9722      18.9722      18.9722,H,1.5367,TRUE,G,0.24662,FALSE,18.9722,
./data/scz_seq_sim_divided_attn-A18.csv,11/23/2015, 4:09:08 PM,scz_seq_sim_divided_attn,A18,97,simultaneous,no_catch,0.74194,E26C,19.0736      19.0736      19.0736,C,1.0539,TRUE,E,0.16925,TRUE,19.0736,
./data/scz_seq_sim_divided_attn-A18.csv,11/23/2015, 4:09:08 PM,scz_seq_sim_divided_attn,A18,98,simultaneous,no_catch,0.60884,EA45,18.9708      18.9708      18.9708,E,1.5948,TRUE,G,0.021792,FALSE,18.9708,
./data/scz_seq_sim_divided_attn-A18.csv,11/23/2015, 4:09:08 PM,scz_seq_sim_divided_attn,A18,99,simultaneous,no_catch,0.57285,DE36,19.0695      19.0695      19.0695,D,1.3075,TRUE,L,0.060773,FALSE,19.0695,
./data/scz_seq_sim_divided_attn-A18.csv,11/23/2015, 4:09:08 PM,scz_seq_sim_divided_attn,A18,100,simultaneous,no_catch,0.58963,A5C1,19.1692      19.1692      19.1692,A,1.0622,TRUE,C,0.060888,TRUE,19.1692,
./data/scz_seq_sim_divided_attn-A18.csv,11/23/2015, 4:09:08 PM,scz_seq_sim_divided_attn,A18,101,simultaneous,no_catch,0.7253,MA62,19.0656      19.0656      19.0656,H,1.3369,FALSE,N,0.12981,FALSE,19.0656,
./data/scz_seq_sim_divided_attn-A18.csv,11/23/2015, 4:09:08 PM,scz_seq_sim_divided_attn,A18,102,simultaneous,no_catch,0.5216,N2P6,19.3541      19.3541      19.3541,N,1.0949,TRUE,Z,0.30738,FALSE,19.3541,
./data/scz_seq_sim_divided_attn-A18.csv,11/23/2015, 4:09:08 PM,scz_seq_sim_divided_attn,A18,103,simultaneous,no_catch,0.50392,32TZ,19.4533      19.4533      19.4533,Z,1.299,TRUE,T,2.5487,TRUE,19.4533,
./data/scz_seq_sim_divided_attn-A18.csv,11/23/2015, 4:09:08 PM,scz_seq_sim_divided_attn,A18,104,simultaneous,no_catch,0.74264,34PG,19.3542      19.3542      19.3542,G,1.0975,TRUE,P,0.23076,TRUE,19.3542,
./data/scz_seq_sim_divided_attn-A18.csv,11/23/2015, 4:09:08 PM,scz_seq_sim_divided_attn,A18,105,simultaneous,no_catch,0.63221,2MK4,19.2574      19.2574      19.2574,Z,2.368,FALSE,K,0.34696,TRUE,19.2574,
./data/scz_seq_sim_divided_attn-A18.csv,11/23/2015, 4:09:08 PM,scz_seq_sim_divided_attn,A18,106,simultaneous,no_catch,0.5464,R2N9,19.3542      19.3542      19.3542,R,1.2169,TRUE,N,0.32425,TRUE,19.3542,
./data/scz_seq_sim_divided_attn-A18.csv,11/23/2015, 4:09:08 PM,scz_seq_sim_divided_attn,A18,107,simultaneous,no_catch,0.64548,9MR5,19.2598      19.2598      19.2598,R,2.3217,TRUE,W,0.029375,FALSE,19.2598,
./data/scz_seq_sim_divided_attn-A18.csv,11/23/2015, 4:09:08 PM,scz_seq_sim_divided_attn,A18,108,simultaneous,no_catch,0.65243,31RZ,19.3543      19.3543      19.3543,Z,1.185,TRUE,R,0.33905,TRUE,19.3543,
./data/scz_seq_sim_divided_attn-A18.csv,11/23/2015, 4:09:08 PM,scz_seq_sim_divided_attn,A18,109,simultaneous,no_catch,0.60755,FR67,19.2621      19.2621      19.2621,F,2.7212,TRUE,Z,0.43143,FALSE,19.2621,
./data/scz_seq_sim_divided_attn-A18.csv,11/23/2015, 4:09:08 PM,scz_seq_sim_divided_attn,A18,110,simultaneous,no_catch,0.73556,6WD2,19.3543      19.3543      19.3543,D,1.8893,TRUE,P,0.2243,FALSE,19.3543,
./data/scz_seq_sim_divided_attn-A18.csv,11/23/2015, 4:09:08 PM,scz_seq_sim_divided_attn,A18,111,simultaneous,no_catch,0.66907,1U6Q,19.4442      19.4442      19.4442,Q,1.4859,TRUE,U,1.7929,TRUE,19.4442,
./data/scz_seq_sim_divided_attn-A18.csv,11/23/2015, 4:09:08 PM,scz_seq_sim_divided_attn,A18,112,simultaneous,no_catch,0.66165,2QH3,19.3542      19.3542      19.3542,H,2.5069,TRUE,D,4.2538,FALSE,19.3542,
./data/scz_seq_sim_divided_attn-A18.csv,11/23/2015, 4:09:08 PM,scz_seq_sim_divided_attn,A18,113,simultaneous,no_catch,0.63467,P3Z6,19.4421      19.4421      19.4421,P,1.2525,TRUE,Z,0.84946,TRUE,19.4421,
./data/scz_seq_sim_divided_attn-A18.csv,11/23/2015, 4:09:08 PM,scz_seq_sim_divided_attn,A18,114,simultaneous,no_catch,0.6567,KY64,19.3542      19.3542      19.3542,K,1.2167,TRUE,Y,0.34755,TRUE,19.3542,
./data/scz_seq_sim_divided_attn-A18.csv,11/23/2015, 4:09:08 PM,scz_seq_sim_divided_attn,A18,115,simultaneous,no_catch,0.57748,XU91,19.2682      19.2682      19.2682,X,1.5178,TRUE,U,0.35492,TRUE,19.2682,
./data/scz_seq_sim_divided_attn-A18.csv,11/23/2015, 4:09:08 PM,scz_seq_sim_divided_attn,A18,116,simultaneous,no_catch,0.57516,42QG,19.1829      19.1829      19.1829,Z,1.9943,FALSE,Q,1.0191,TRUE,19.1829,
./data/scz_seq_sim_divided_attn-A18.csv,11/23/2015, 4:09:08 PM,scz_seq_sim_divided_attn,A18,117,simultaneous,no_catch,0.52651,4G8A,19.2606      19.2606      19.2606,R,1.8854,FALSE,K,0.86734,FALSE,19.2606,
./data/scz_seq_sim_divided_attn-A18.csv,11/23/2015, 4:09:08 PM,scz_seq_sim_divided_attn,A18,118,simultaneous,no_catch,0.52107,95RF,19.519       19.519       19.519,F,1.4371,TRUE,R,1.4924,TRUE,19.519,
./data/scz_seq_sim_divided_attn-A18.csv,11/23/2015, 4:09:08 PM,scz_seq_sim_divided_attn,A18,119,simultaneous,no_catch,0.51397,RQ85,19.4272      19.4272      19.4272,R,1.9091,TRUE,Z,13.1028,FALSE,19.4272,
./data/scz_seq_sim_divided_attn-A18.csv,11/23/2015, 4:09:08 PM,scz_seq_sim_divided_attn,A18,120,simultaneous,no_catch,0.73402,X42L,19.5152      19.5152      19.5152,L,1.6318,TRUE,X,0.3783,TRUE,19.5152,
./data/scz_seq_sim_divided_attn-A18.csv,11/23/2015, 4:09:08 PM,scz_seq_sim_divided_attn,A18,121,simultaneous,no_catch,0.56076,26RY,19.4255      19.4255      19.4255,Y,1.2134,TRUE,R,0.0062433,TRUE,19.4255,
./data/scz_seq_sim_divided_attn-A18.csv,11/23/2015, 4:09:08 PM,scz_seq_sim_divided_attn,A18,122,simultaneous,no_catch,0.68556,7V1K,19.345       19.345       19.345,K,1.7249,TRUE,Y,0.23052,FALSE,19.345,
./data/scz_seq_sim_divided_attn-A18.csv,11/23/2015, 4:09:08 PM,scz_seq_sim_divided_attn,A18,123,simultaneous,no_catch,0.72191,72DE,19.4239      19.4239      19.4239,E,1.471,TRUE,D,0.19989,TRUE,19.4239,
./data/scz_seq_sim_divided_attn-A18.csv,11/23/2015, 4:09:08 PM,scz_seq_sim_divided_attn,A18,124,simultaneous,no_catch,0.58005,3S7M,19.3451      19.3451      19.3451,M,1.6636,TRUE,Y,1.6242,FALSE,19.3451,
./data/scz_seq_sim_divided_attn-A18.csv,11/23/2015, 4:09:08 PM,scz_seq_sim_divided_attn,A18,125,simultaneous,no_catch,0.68579,8ET6,19.4224      19.4224      19.4224,L,1.4758,FALSE,T,0.31516,TRUE,19.4224,
./data/scz_seq_sim_divided_attn-A18.csv,11/23/2015, 4:09:08 PM,scz_seq_sim_divided_attn,A18,126,simultaneous,no_catch,0.6193,7M1X,19.5044      19.5044      19.5044,X,1.3984,TRUE,L,0.23946,FALSE,19.5044,
./data/scz_seq_sim_divided_attn-A18.csv,11/23/2015, 4:09:08 PM,scz_seq_sim_divided_attn,A18,127,simultaneous,no_catch,0.5466,1ML6,19.5881      19.5881      19.5881,L,1.4355,TRUE,W,0.9971,FALSE,19.5881,
./data/scz_seq_sim_divided_attn-A18.csv,11/23/2015, 4:09:08 PM,scz_seq_sim_divided_attn,A18,128,simultaneous,no_catch,0.74233,H18K,19.6675      19.6675      19.6675,K,1.246,TRUE,H,0.060018,TRUE,19.6675,
./data/scz_seq_sim_divided_attn-A18.csv,11/23/2015, 4:09:08 PM,scz_seq_sim_divided_attn,A18,129,simultaneous,no_catch,0.57867,57EZ,19.5833      19.5833      19.5833,Z,1.1197,TRUE,E,0.70315,TRUE,19.5833,
./data/scz_seq_sim_divided_attn-A18.csv,11/23/2015, 4:09:08 PM,scz_seq_sim_divided_attn,A18,130,simultaneous,no_catch,0.74538,E1Y3,19.4978      19.4978      19.4978,E,1.336,TRUE,L,0.29953,FALSE,19.4978,
./data/scz_seq_sim_divided_attn-A18.csv,11/23/2015, 4:09:08 PM,scz_seq_sim_divided_attn,A18,131,simultaneous,no_catch,0.6138,C53S,19.5787      19.5787      19.5787,S,1.6679,TRUE,C,0.23229,TRUE,19.5787,
./data/scz_seq_sim_divided_attn-A18.csv,11/23/2015, 4:09:08 PM,scz_seq_sim_divided_attn,A18,132,simultaneous,no_catch,0.65944,1KW6,19.4946      19.4946      19.4946,I,1.7119,FALSE,R,0.3011,FALSE,19.4946,
./data/scz_seq_sim_divided_attn-A18.csv,11/23/2015, 4:09:08 PM,scz_seq_sim_divided_attn,A18,133,simultaneous,no_catch,0.56171,LW41,19.7292      19.7292      19.7292,L,1.6688,TRUE,W,0.23795,TRUE,19.7292,
./data/scz_seq_sim_divided_attn-A18.csv,11/23/2015, 4:09:08 PM,scz_seq_sim_divided_attn,A18,134,simultaneous,no_catch,0.7012,3K6B,19.6493      19.6493      19.6493,B,1.1719,TRUE,K,0.083895,TRUE,19.6493,
./data/scz_seq_sim_divided_attn-A18.csv,11/23/2015, 4:09:08 PM,scz_seq_sim_divided_attn,A18,135,simultaneous,no_catch,0.71295,NP64,19.5695      19.5695      19.5695,H,1.929,FALSE,P,0.21682,TRUE,19.5695,
./data/scz_seq_sim_divided_attn-A18.csv,11/23/2015, 4:09:08 PM,scz_seq_sim_divided_attn,A18,136,simultaneous,no_catch,0.56777,8NY5,19.6438      19.6438      19.6438,H,1.5456,FALSE,L,0.13128,FALSE,19.6438,
./data/scz_seq_sim_divided_attn-A18.csv,11/23/2015, 4:09:08 PM,scz_seq_sim_divided_attn,A18,137,simultaneous,no_catch,0.57804,1ZH3,19.8609      19.8609      19.8609,L,1.1844,FALSE,Z,0.41015,TRUE,19.8609,
./data/scz_seq_sim_divided_attn-A18.csv,11/23/2015, 4:09:08 PM,scz_seq_sim_divided_attn,A18,138,simultaneous,no_catch,0.69686,9F2K,19.9412      19.9412      19.9412,K,1.6651,TRUE,F,0.26962,TRUE,19.9412,
./data/scz_seq_sim_divided_attn-A18.csv,11/23/2015, 4:09:08 PM,scz_seq_sim_divided_attn,A18,139,simultaneous,no_catch,0.67592,1TW9,19.8596      19.8596      19.8596,L,1.3615,FALSE,K,0.021273,FALSE,19.8596,
./data/scz_seq_sim_divided_attn-A18.csv,11/23/2015, 4:09:08 PM,scz_seq_sim_divided_attn,A18,140,simultaneous,no_catch,0.60849,32KQ,20.1068      20.1068      20.1068,Q,1.3458,TRUE,K,0.34773,TRUE,20.1068,
./data/scz_seq_sim_divided_attn-A18.csv,11/23/2015, 4:09:08 PM,scz_seq_sim_divided_attn,A18,141,simultaneous,no_catch,0.53818,8XU9,20.0217      20.0217      20.0217,Q,1.3769,FALSE,U,0.22412,TRUE,20.0217,
./data/scz_seq_sim_divided_attn-A18.csv,11/23/2015, 4:09:08 PM,scz_seq_sim_divided_attn,A18,142,simultaneous,no_catch,0.57103,A67W,20.1009      20.1009      20.1009,B,1.4302,FALSE,T,1.1911,FALSE,20.1009,
./data/scz_seq_sim_divided_attn-A18.csv,11/23/2015, 4:09:08 PM,scz_seq_sim_divided_attn,A18,143,simultaneous,no_catch,0.55934,9D6F,20.3323      20.3323      20.3323,F,1.4468,TRUE,D,1.3705,TRUE,20.3323,
./data/scz_seq_sim_divided_attn-A18.csv,11/23/2015, 4:09:08 PM,scz_seq_sim_divided_attn,A18,144,simultaneous,no_catch,0.62538,T3V8,20.2497      20.2497      20.2497,T,1.5626,TRUE,V,3.6293,TRUE,20.2497,
./data/scz_seq_sim_divided_attn-A18.csv,11/23/2015, 4:09:08 PM,scz_seq_sim_divided_attn,A18,145,simultaneous,no_catch,0.65728,47BA,20.1687      20.1687      20.1687,B,1.9473,TRUE,M,0.11541,FALSE,20.1687,
./data/scz_seq_sim_divided_attn-A18.csv,11/23/2015, 4:09:08 PM,scz_seq_sim_divided_attn,A18,146,simultaneous,no_catch,0.74763,74HC,20.2498      20.2498      20.2498,C,1.3858,TRUE,R,0.31511,FALSE,20.2498,
./data/scz_seq_sim_divided_attn-A18.csv,11/23/2015, 4:09:08 PM,scz_seq_sim_divided_attn,A18,147,simultaneous,no_catch,0.64522,VS76,20.3291      20.3291      20.3291,Y,1.5021,FALSE,R,0.23962,FALSE,20.3291,
./data/scz_seq_sim_divided_attn-A18.csv,11/23/2015, 4:09:08 PM,scz_seq_sim_divided_attn,A18,148,simultaneous,no_catch,0.62134,CX15,20.5879      20.5879      20.5879,C,1.6088,TRUE,I,0.19271,FALSE,20.5879,
./data/scz_seq_sim_divided_attn-A18.csv,11/23/2015, 4:09:08 PM,scz_seq_sim_divided_attn,A18,149,simultaneous,no_catch,0.60483,Y97C,20.6684      20.6684      20.6684,Y,1.4981,TRUE,R,0.16219,FALSE,20.6684,
./data/scz_seq_sim_divided_attn-A18.csv,11/23/2015, 4:09:08 PM,scz_seq_sim_divided_attn,A18,150,simultaneous,no_catch,0.68926,3X4L,20.7562      20.7562      20.7562,L,2.2675,TRUE,H,0.6714,FALSE,20.7562,
./data/scz_seq_sim_divided_attn-A18.csv,11/23/2015, 4:09:08 PM,scz_seq_sim_divided_attn,A18,151,simultaneous,no_catch,0.70924,W8C2,20.8426      20.8426      20.8426,Z,1.4363,FALSE,R,3.0557,FALSE,20.8426,
./data/scz_seq_sim_divided_attn-A18.csv,11/23/2015, 4:09:08 PM,scz_seq_sim_divided_attn,A18,152,simultaneous,no_catch,0.72564,MF56,21.1263      21.1263      21.1263,X,16.0584,FALSE,R,1.1367,FALSE,21.1263,
./data/scz_seq_sim_divided_attn-A18.csv,11/23/2015, 4:09:08 PM,scz_seq_sim_divided_attn,A18,153,simultaneous,no_catch,0.54021,97GD,21.4279      21.4279      21.4279,D,1.2822,TRUE,G,0.22182,TRUE,21.4279,
./data/scz_seq_sim_divided_attn-A18.csv,11/23/2015, 4:09:08 PM,scz_seq_sim_divided_attn,A18,154,simultaneous,no_catch,0.68792,RX38,21.3185      21.3185      21.3185,R,2.9207,TRUE,X,10.8053,TRUE,21.3185,
./data/scz_seq_sim_divided_attn-A18.csv,11/23/2015, 4:09:08 PM,scz_seq_sim_divided_attn,A18,155,simultaneous,no_catch,0.66641,57VF,21.2231      21.2231      21.2231,F,1.0728,TRUE,V,0.17796,TRUE,21.2231,
./data/scz_seq_sim_divided_attn-A18.csv,11/23/2015, 4:09:08 PM,scz_seq_sim_divided_attn,A18,156,simultaneous,no_catch,0.57729,68GZ,21.1299      21.1299      21.1299,Z,1.116,TRUE,G,0.5875,TRUE,21.1299,
./data/scz_seq_sim_divided_attn-A18.csv,11/23/2015, 4:09:08 PM,scz_seq_sim_divided_attn,A18,157,simultaneous,no_catch,0.66582,RM73,21.0376      21.0376      21.0376,R,1.2123,TRUE,W,0.11422,FALSE,21.0376,
./data/scz_seq_sim_divided_attn-A18.csv,11/23/2015, 4:09:08 PM,scz_seq_sim_divided_attn,A18,158,simultaneous,no_catch,0.68977,5QW6,21.1214      21.1214      21.1214,R,2.4867,FALSE,W,0.26874,TRUE,21.1214,
./data/scz_seq_sim_divided_attn-A18.csv,11/23/2015, 4:09:08 PM,scz_seq_sim_divided_attn,A18,159,simultaneous,no_catch,0.59969,3P8Z,21.2124      21.2124      21.2124,Z,2.4359,TRUE,R,0.068149,FALSE,21.2124,
./data/scz_seq_sim_divided_attn-A18.csv,11/23/2015, 4:09:08 PM,scz_seq_sim_divided_attn,A18,160,simultaneous,no_catch,0.71344,3JX5,21.3015      21.3015      21.3015,X,3.2285,TRUE,T,9.1644,FALSE,21.3015,
./data/scz_seq_sim_divided_attn-A18.csv,11/23/2015, 4:09:08 PM,scz_seq_sim_divided_attn,A18,161,simultaneous,no_catch,0.72125,8J1M,21.3972      21.3972      21.3972,M,1.3534,TRUE,I,0.94209,FALSE,21.3972,
./data/scz_seq_sim_divided_attn-A18.csv,11/23/2015, 4:09:08 PM,scz_seq_sim_divided_attn,A18,162,simultaneous,no_catch,0.67273,4P1J,21.4936      21.4936      21.4936,J,1.1673,TRUE,I,0.36299,FALSE,21.4936,
./data/scz_seq_sim_divided_attn-A18.csv,11/23/2015, 4:09:08 PM,scz_seq_sim_divided_attn,A18,163,simultaneous,no_catch,0.68179,H2K9,21.5852      21.5852      21.5852,H,1.6355,TRUE,K,0.29216,TRUE,21.5852,
./data/scz_seq_sim_divided_attn-A18.csv,11/23/2015, 4:09:08 PM,scz_seq_sim_divided_attn,A18,164,simultaneous,no_catch,0.71083,F5T9,21.4876      21.4876      21.4876,F,1.2741,TRUE,T,0.47263,TRUE,21.4876,
./data/scz_seq_sim_divided_attn-A18.csv,11/23/2015, 4:09:08 PM,scz_seq_sim_divided_attn,A18,165,simultaneous,no_catch,0.71569,D32A,21.3888      21.3888      21.3888,D,1.6924,TRUE,Z,0.32982,FALSE,21.3888,
./data/scz_seq_sim_divided_attn-A18.csv,11/23/2015, 4:09:08 PM,scz_seq_sim_divided_attn,A18,166,simultaneous,no_catch,0.52978,27BD,21.4818      21.4818      21.4818,D,1.487,TRUE,B,0.23928,TRUE,21.4818,
./data/scz_seq_sim_divided_attn-A18.csv,11/23/2015, 4:09:08 PM,scz_seq_sim_divided_attn,A18,167,simultaneous,no_catch,0.58172,PV89,21.3848      21.3848      21.3848,P,1.6549,TRUE,B,0.43117,FALSE,21.3848,
./data/scz_seq_sim_divided_attn-A18.csv,11/23/2015, 4:09:08 PM,scz_seq_sim_divided_attn,A18,168,simultaneous,no_catch,0.69386,A8Q7,21.4763      21.4763      21.4763,A,1.2762,TRUE,Q,0.26175,TRUE,21.4763,
./data/scz_seq_sim_divided_attn-A18.csv,11/23/2015, 4:09:08 PM,scz_seq_sim_divided_attn,A18,169,simultaneous,no_catch,0.62798,T93L,21.381       21.381       21.381,L,1.0751,TRUE,T,0.44015,TRUE,21.381,
./data/scz_seq_sim_divided_attn-A18.csv,11/23/2015, 4:09:08 PM,scz_seq_sim_divided_attn,A18,170,simultaneous,no_catch,0.7126,Y32M,21.2921      21.2921      21.2921,M,0.91014,TRUE,Y,0.2925,TRUE,21.2921,
./data/scz_seq_sim_divided_attn-A18.csv,11/23/2015, 4:09:08 PM,scz_seq_sim_divided_attn,A18,171,simultaneous,no_catch,0.54779,Y2B3,21.2114      21.2114      21.2114,Y,1.5293,TRUE,M,0.44092,FALSE,21.2114,
./data/scz_seq_sim_divided_attn-A18.csv,11/23/2015, 4:09:08 PM,scz_seq_sim_divided_attn,A18,172,simultaneous,no_catch,0.51846,5F1J,21.2904      21.2904      21.2904,J,1.3473,TRUE,S,0.89566,FALSE,21.2904,
./data/scz_seq_sim_divided_attn-A18.csv,11/23/2015, 4:09:08 PM,scz_seq_sim_divided_attn,A18,173,simultaneous,no_catch,0.54422,2WA1,21.3736      21.3736      21.3736,A,1.6928,TRUE,W,0.14576,TRUE,21.3736,
./data/scz_seq_sim_divided_attn-A18.csv,11/23/2015, 4:09:08 PM,scz_seq_sim_divided_attn,A18,174,simultaneous,no_catch,0.71942,M26W,21.2888      21.2888      21.2888,N,2.2023,FALSE,W,0.32331,TRUE,21.2888,
./data/scz_seq_sim_divided_attn-A18.csv,11/23/2015, 4:09:08 PM,scz_seq_sim_divided_attn,A18,175,simultaneous,no_catch,0.62405,EG97,21.3701      21.3701      21.3701,E,1.3768,TRUE,G,0.27654,TRUE,21.3701,
./data/scz_seq_sim_divided_attn-A18.csv,11/23/2015, 4:09:08 PM,scz_seq_sim_divided_attn,A18,176,simultaneous,no_catch,0.58986,ZB46,21.2872      21.2872      21.2872,Z,4.4171,TRUE,N,1.6546,FALSE,21.2872,
./data/scz_seq_sim_divided_attn-A18.csv,11/23/2015, 4:09:08 PM,scz_seq_sim_divided_attn,A18,177,simultaneous,no_catch,0.66164,13EV,21.3666      21.3666      21.3666,V,1.1236,TRUE,E,0.30856,TRUE,21.3666,
./data/scz_seq_sim_divided_attn-A18.csv,11/23/2015, 4:09:08 PM,scz_seq_sim_divided_attn,A18,178,simultaneous,no_catch,0.53396,2AW5,21.2856      21.2856      21.2856,S,1.5944,FALSE,H,0.19998,FALSE,21.2856,
./data/scz_seq_sim_divided_attn-A18.csv,11/23/2015, 4:09:08 PM,scz_seq_sim_divided_attn,A18,179,simultaneous,no_catch,0.59918,8KZ1,21.5313      21.5313      21.5313,Z,1.44,TRUE,R,0.57258,FALSE,21.5313,
./data/scz_seq_sim_divided_attn-A18.csv,11/23/2015, 4:09:08 PM,scz_seq_sim_divided_attn,A18,180,simultaneous,no_catch,0.52245,P6S9,21.6082      21.6082      21.6082,P,1.0675,TRUE,S,0.2863,TRUE,21.6082,
./data/scz_seq_sim_divided_attn-A18.csv,11/23/2015, 4:09:08 PM,scz_seq_sim_divided_attn,A18,181,simultaneous,no_catch,0.73151,E89B,21.5249      21.5249      21.5249,E,1.0916,TRUE,G,0.037082,FALSE,21.5249,
./data/scz_seq_sim_divided_attn-A18.csv,11/23/2015, 4:09:08 PM,scz_seq_sim_divided_attn,A18,182,simultaneous,no_catch,0.66928,57XJ,21.6006      21.6006      21.6006,J,1.1252,TRUE,X,0.39339,TRUE,21.6006,
./data/scz_seq_sim_divided_attn-A18.csv,11/23/2015, 4:09:08 PM,scz_seq_sim_divided_attn,A18,183,simultaneous,no_catch,0.67593,M1V9,21.5188      21.5188      21.5188,M,0.99806,TRUE,V,0.17756,TRUE,21.5188,
./data/scz_seq_sim_divided_attn-A18.csv,11/23/2015, 4:09:08 PM,scz_seq_sim_divided_attn,A18,184,simultaneous,no_catch,0.59459,37UV,21.4368      21.4368      21.4368,V,0.86454,TRUE,U,0.91197,TRUE,21.4368,
./data/scz_seq_sim_divided_attn-A18.csv,11/23/2015, 4:09:08 PM,scz_seq_sim_divided_attn,A18,185,simultaneous,no_catch,0.65684,J64Q,21.353       21.353       21.353,Q,1.3665,TRUE,J,0.6948,TRUE,21.353,
./data/scz_seq_sim_divided_attn-A18.csv,11/23/2015, 4:09:08 PM,scz_seq_sim_divided_attn,A18,186,simultaneous,no_catch,0.64954,7C3P,21.2792      21.2792      21.2792,P,1.2357,TRUE,C,0.36913,TRUE,21.2792,
./data/scz_seq_sim_divided_attn-A18.csv,11/23/2015, 4:09:08 PM,scz_seq_sim_divided_attn,A18,187,simultaneous,no_catch,0.72728,TL62,21.2093      21.2093      21.2093,L,1.1118,TRUE,T,0.38763,TRUE,21.2093,
./data/scz_seq_sim_divided_attn-A18.csv,11/23/2015, 4:09:08 PM,scz_seq_sim_divided_attn,A18,188,simultaneous,no_catch,0.72143,2HX1,21.1407      21.1407      21.1407,U,1.6535,FALSE,X,0.22274,TRUE,21.1407,
./data/scz_seq_sim_divided_attn-A18.csv,11/23/2015, 4:09:08 PM,scz_seq_sim_divided_attn,A18,189,simultaneous,no_catch,0.66755,F67Z,21.2091      21.2091      21.2091,Z,1.8679,TRUE,T,0.21525,FALSE,21.2091,
./data/scz_seq_sim_divided_attn-A18.csv,11/23/2015, 4:09:08 PM,scz_seq_sim_divided_attn,A18,190,simultaneous,no_catch,0.65724,M5D3,21.2765      21.2765      21.2765,M,1.1373,TRUE,D,0.36942,TRUE,21.2765,
./data/scz_seq_sim_divided_attn-A18.csv,11/23/2015, 4:09:08 PM,scz_seq_sim_divided_attn,A18,191,simultaneous,no_catch,0.63416,A4E6,21.2089      21.2089      21.2089,A,1.1455,TRUE,E,0.32458,TRUE,21.2089,
./data/scz_seq_sim_divided_attn-A18.csv,11/23/2015, 4:09:08 PM,scz_seq_sim_divided_attn,A18,192,simultaneous,no_catch,0.69963,9CS7,21.1425      21.1425      21.1425,U,3.2882,FALSE,E,0.37245,FALSE,21.1425,
./data/scz_seq_sim_divided_attn-A18.csv,11/23/2015, 4:09:08 PM,scz_seq_sim_divided_attn,A18,193,simultaneous,no_catch,0.66674,7Q1D,21.3416      21.3416      21.3416,D,1.9451,TRUE,Q,0.61549,TRUE,21.3416,
./data/scz_seq_sim_divided_attn-A18.csv,11/23/2015, 4:09:08 PM,scz_seq_sim_divided_attn,A18,194,simultaneous,no_catch,0.64893,Y31H,21.274       21.274       21.274,H,1.3253,TRUE,Y,0.23075,TRUE,21.274,
./data/scz_seq_sim_divided_attn-A18.csv,11/23/2015, 4:09:08 PM,scz_seq_sim_divided_attn,A18,195,simultaneous,no_catch,0.66927,57JN,21.2085      21.2085      21.2085,N,1.062,TRUE,J,1.0276,TRUE,21.2085,
./data/scz_seq_sim_divided_attn-A18.csv,11/23/2015, 4:09:08 PM,scz_seq_sim_divided_attn,A18,196,simultaneous,no_catch,0.60751,Q7G8,21.1442      21.1442      21.1442,Q,1.4374,TRUE,G,0.34711,TRUE,21.1442,
./data/scz_seq_sim_divided_attn-A18.csv,11/23/2015, 4:09:08 PM,scz_seq_sim_divided_attn,A18,197,simultaneous,no_catch,0.55435,Z6B3,21.0803      21.0803      21.0803,B,1.1895,TRUE,Z,0.43186,TRUE,21.0803,
./data/scz_seq_sim_divided_attn-A18.csv,11/23/2015, 4:09:08 PM,scz_seq_sim_divided_attn,A18,198,simultaneous,no_catch,0.74707,7M3T,21.0166      21.0166      21.0166,T,1.6596,TRUE,N,0.17639,FALSE,21.0166,
./data/scz_seq_sim_divided_attn-A18.csv,11/23/2015, 4:09:08 PM,scz_seq_sim_divided_attn,A18,199,simultaneous,no_catch,0.58145,6P1U,21.0753      21.0753      21.0753,U,2.0847,TRUE,G,0.076218,FALSE,21.0753,
./data/scz_seq_sim_divided_attn-A18.csv,11/23/2015, 4:09:08 PM,scz_seq_sim_divided_attn,A18,200,simultaneous,no_catch,0.55112,3BQ6,21.1323      21.1323      21.1323,Q,2.1825,TRUE,Y,0.21595,FALSE,21.1323,
save_filename,date,start_time,expt_id,subj_id,trial_order_num,trial_type,catch_type,ITI,char_stim,font_rgb_color,response01_key,response01_time,response01_acc,response02_key,response02_time,response02_acc,luminance_contrast,
./data/scz_seq_sim_divided_attn-A18.csv,11/23/2015, 4:09:08 PM,scz_seq_sim_divided_attn,A18,1,sequential,no_catch,0.5836,8CL9,15.2229      15.2229      15.2229,U,10.8882,FALSE,D,0.47714,FALSE,15.2229,
./data/scz_seq_sim_divided_attn-A18.csv,11/23/2015, 4:09:08 PM,scz_seq_sim_divided_attn,A18,2,sequential,no_catch,0.5587,A82H,38.722       38.722       38.722,B,0.44683,FALSE,A,1.0295,TRUE,38.722,
./data/scz_seq_sim_divided_attn-A18.csv,11/23/2015, 4:09:08 PM,scz_seq_sim_divided_attn,A18,3,sequential,no_catch,0.65546,6R9K,58.9964      58.9964      58.9964,R,1.1829,TRUE,K,0.3691,TRUE,58.9964,
./data/scz_seq_sim_divided_attn-A18.csv,11/23/2015, 4:09:08 PM,scz_seq_sim_divided_attn,A18,4,sequential,no_catch,0.61583,7CK4,46.8739      46.8739      46.8739,C,1.2024,TRUE,K,0.29213,TRUE,46.8739,
./data/scz_seq_sim_divided_attn-A18.csv,11/23/2015, 4:09:08 PM,scz_seq_sim_divided_attn,A18,5,sequential,no_catch,0.62499,9M1G,40.6269      40.6269      40.6269,N,1.3612,FALSE,G,0.34012,TRUE,40.6269,
./data/scz_seq_sim_divided_attn-A18.csv,11/23/2015, 4:09:08 PM,scz_seq_sim_divided_attn,A18,6,sequential,no_catch,0.69211,8NB9,45.9785      45.9785      45.9785,N,1.2429,TRUE,B,0.31527,TRUE,45.9785,
./data/scz_seq_sim_divided_attn-A18.csv,11/23/2015, 4:09:08 PM,scz_seq_sim_divided_attn,A18,7,sequential,no_catch,0.66206,4MC2,41.8053      41.8053      41.8053,W,1.1582,FALSE,C,0.25487,TRUE,41.8053,
./data/scz_seq_sim_divided_attn-A18.csv,11/23/2015, 4:09:08 PM,scz_seq_sim_divided_attn,A18,8,sequential,no_catch,0.5747,D3L1,45.1784      45.1784      45.1784,D,1.305,TRUE,L,0.34693,TRUE,45.1784,
./data/scz_seq_sim_divided_attn-A18.csv,11/23/2015, 4:09:08 PM,scz_seq_sim_divided_attn,A18,9,sequential,no_catch,0.54244,8B6F,42.1676      42.1676      42.1676,B,1.5989,TRUE,F,0.33195,TRUE,42.1676,
./data/scz_seq_sim_divided_attn-A18.csv,11/23/2015, 4:09:08 PM,scz_seq_sim_divided_attn,A18,10,sequential,no_catch,0.57154,7QJ9,40.0554      40.0554      40.0554,Q,1.2452,TRUE,J,0.53299,TRUE,40.0554,
./data/scz_seq_sim_divided_attn-A18.csv,11/23/2015, 4:09:08 PM,scz_seq_sim_divided_attn,A18,11,sequential,no_catch,0.67226,7A9E,38.4361      38.4361      38.4361,A,1.2815,TRUE,E,0.13769,TRUE,38.4361,
./data/scz_seq_sim_divided_attn-A18.csv,11/23/2015, 4:09:08 PM,scz_seq_sim_divided_attn,A18,12,sequential,no_catch,0.69976,L6M7,37.1095      37.1095      37.1095,L,1.307,TRUE,H,0.33139,FALSE,37.1095,
./data/scz_seq_sim_divided_attn-A18.csv,11/23/2015, 4:09:08 PM,scz_seq_sim_divided_attn,A18,13,sequential,no_catch,0.52273,4A7H,38.3252      38.3252      38.3252,A,1.2213,TRUE,H,0.13749,TRUE,38.3252,
./data/scz_seq_sim_divided_attn-A18.csv,11/23/2015, 4:09:08 PM,scz_seq_sim_divided_attn,A18,14,sequential,no_catch,0.7319,K9U6,37.1894      37.1894      37.1894,K,1.3144,TRUE,U,0.32266,TRUE,37.1894,
./data/scz_seq_sim_divided_attn-A18.csv,11/23/2015, 4:09:08 PM,scz_seq_sim_divided_attn,A18,15,sequential,no_catch,0.50154,J19S,36.2131      36.2131      36.2131,J,1.2775,TRUE,S,0.26266,TRUE,36.2131,
./data/scz_seq_sim_divided_attn-A18.csv,11/23/2015, 4:09:08 PM,scz_seq_sim_divided_attn,A18,16,sequential,no_catch,0.71326,F3L1,35.3597      35.3597      35.3597,F,1.1539,TRUE,L,0.25387,TRUE,35.3597,
./data/scz_seq_sim_divided_attn-A18.csv,11/23/2015, 4:09:08 PM,scz_seq_sim_divided_attn,A18,17,sequential,no_catch,0.74796,2M3S,34.5963      34.5963      34.5963,W,1.2347,FALSE,S,0.28017,TRUE,34.5963,
./data/scz_seq_sim_divided_attn-A18.csv,11/23/2015, 4:09:08 PM,scz_seq_sim_divided_attn,A18,18,sequential,no_catch,0.71415,3C1Q,35.323       35.323       35.323,C,1.2968,TRUE,Q,0.19275,TRUE,35.323,
./data/scz_seq_sim_divided_attn-A18.csv,11/23/2015, 4:09:08 PM,scz_seq_sim_divided_attn,A18,19,sequential,no_catch,0.72336,S15Y,34.63        34.63        34.63,S,1.2326,TRUE,Y,0.23109,TRUE,34.63,
./data/scz_seq_sim_divided_attn-A18.csv,11/23/2015, 4:09:08 PM,scz_seq_sim_divided_attn,A18,20,sequential,no_catch,0.66313,H3S9,34.0079      34.0079      34.0079,H,1.8809,TRUE,S,0.70381,TRUE,34.0079,
./data/scz_seq_sim_divided_attn-A18.csv,11/23/2015, 4:09:08 PM,scz_seq_sim_divided_attn,A18,21,sequential,no_catch,0.55779,R2C1,33.4342      33.4342      33.4342,R,1.4378,TRUE,C,0.32321,TRUE,33.4342,
./data/scz_seq_sim_divided_attn-A18.csv,11/23/2015, 4:09:08 PM,scz_seq_sim_divided_attn,A18,22,sequential,no_catch,0.66671,3T6K,32.8975      32.8975      32.8975,T,1.8027,TRUE,K,0.47918,TRUE,32.8975,
./data/scz_seq_sim_divided_attn-A18.csv,11/23/2015, 4:09:08 PM,scz_seq_sim_divided_attn,A18,23,sequential,no_catch,0.70205,5G8R,32.4019      32.4019      32.4019,G,1.1866,TRUE,R,0.27768,TRUE,32.4019,
./data/scz_seq_sim_divided_attn-A18.csv,11/23/2015, 4:09:08 PM,scz_seq_sim_divided_attn,A18,24,sequential,no_catch,0.53738,5VJ2,31.9419      31.9419      31.9419,V,2.8016,TRUE,Z,0.24746,FALSE,31.9419,
./data/scz_seq_sim_divided_attn-A18.csv,11/23/2015, 4:09:08 PM,scz_seq_sim_divided_attn,A18,25,sequential,no_catch,0.58659,1R4M,32.4118      32.4118      32.4118,R,1.3447,TRUE,W,0.16883,FALSE,32.4118,
./data/scz_seq_sim_divided_attn-A18.csv,11/23/2015, 4:09:08 PM,scz_seq_sim_divided_attn,A18,26,sequential,no_catch,0.69356,2FE6,32.8499      32.8499      32.8499,F,1.2832,TRUE,E,0.2614,TRUE,32.8499,
./data/scz_seq_sim_divided_attn-A18.csv,11/23/2015, 4:09:08 PM,scz_seq_sim_divided_attn,A18,27,sequential,no_catch,0.71376,5M4G,32.4152      32.4152      32.4152,W,1.5694,FALSE,G,0.74908,TRUE,32.4152,
./data/scz_seq_sim_divided_attn-A18.csv,11/23/2015, 4:09:08 PM,scz_seq_sim_divided_attn,A18,28,sequential,no_catch,0.62609,5XG3,32.8249      32.8249      32.8249,K,1.3708,FALSE,G,0.31587,TRUE,32.8249,
./data/scz_seq_sim_divided_attn-A18.csv,11/23/2015, 4:09:08 PM,scz_seq_sim_divided_attn,A18,29,sequential,no_catch,0.66927,3B4N,33.2557      33.2557      33.2557,B,1.2701,TRUE,N,0.36182,TRUE,33.2557,
./data/scz_seq_sim_divided_attn-A18.csv,11/23/2015, 4:09:08 PM,scz_seq_sim_divided_attn,A18,30,sequential,no_catch,0.54396,H5B6,32.8454      32.8454      32.8454,H,1.2759,TRUE,B,0.35437,TRUE,32.8454,
./data/scz_seq_sim_divided_attn-A18.csv,11/23/2015, 4:09:08 PM,scz_seq_sim_divided_attn,A18,31,sequential,no_catch,0.6141,4L5A,32.4606      32.4606      32.4606,L,1.3362,TRUE,A,0.44005,TRUE,32.4606,
./data/scz_seq_sim_divided_attn-A18.csv,11/23/2015, 4:09:08 PM,scz_seq_sim_divided_attn,A18,32,sequential,no_catch,0.64415,9F3B,32.0975      32.0975      32.0975,B,1.6907,TRUE,F,0.32334,TRUE,32.0975,
./data/scz_seq_sim_divided_attn-A18.csv,11/23/2015, 4:09:08 PM,scz_seq_sim_divided_attn,A18,33,sequential,no_catch,0.5277,F5V3,31.7548      31.7548      31.7548,F,1.7512,TRUE,V,0.28436,TRUE,31.7548,
./data/scz_seq_sim_divided_attn-A18.csv,11/23/2015, 4:09:08 PM,scz_seq_sim_divided_attn,A18,34,sequential,no_catch,0.74974,K28E,31.4257      31.4257      31.4257,K,1.3519,TRUE,E,0.30163,TRUE,31.4257,
./data/scz_seq_sim_divided_attn-A18.csv,11/23/2015, 4:09:08 PM,scz_seq_sim_divided_attn,A18,35,sequential,no_catch,0.68529,C8M4,31.1186      31.1186      31.1186,C,2.586,TRUE,M,0.4485,TRUE,31.1186,
./data/scz_seq_sim_divided_attn-A18.csv,11/23/2015, 4:09:08 PM,scz_seq_sim_divided_attn,A18,36,sequential,no_catch,0.56271,9UX8,30.8143      30.8143      30.8143,U,1.5722,TRUE,K,0.33232,FALSE,30.8143,
./data/scz_seq_sim_divided_attn-A18.csv,11/23/2015, 4:09:08 PM,scz_seq_sim_divided_attn,A18,37,sequential,no_catch,0.70974,9DS4,31.11        31.11        31.11,B,1.1304,FALSE,S,0.29472,TRUE,31.11,
./data/scz_seq_sim_divided_attn-A18.csv,11/23/2015, 4:09:08 PM,scz_seq_sim_divided_attn,A18,38,sequential,no_catch,0.59933,8BG5,31.3813      31.3813      31.3813,B,1.4754,TRUE,G,0.26191,TRUE,31.3813,
./data/scz_seq_sim_divided_attn-A18.csv,11/23/2015, 4:09:08 PM,scz_seq_sim_divided_attn,A18,39,sequential,no_catch,0.57562,2D6W,31.0997      31.0997      31.0997,D,1.3983,TRUE,W,0.2535,TRUE,31.0997,
./data/scz_seq_sim_divided_attn-A18.csv,11/23/2015, 4:09:08 PM,scz_seq_sim_divided_attn,A18,40,sequential,no_catch,0.56613,T76Y,30.8198      30.8198      30.8198,T,1.7961,TRUE,Y,0.83384,TRUE,30.8198,
./data/scz_seq_sim_divided_attn-A18.csv,11/23/2015, 4:09:08 PM,scz_seq_sim_divided_attn,A18,41,sequential,no_catch,0.65745,M59C,30.5657      30.5657      30.5657,W,1.5413,FALSE,C,0.57381,TRUE,30.5657,
./data/scz_seq_sim_divided_attn-A18.csv,11/23/2015, 4:09:08 PM,scz_seq_sim_divided_attn,A18,42,sequential,no_catch,0.74795,7J4M,30.8216      30.8216      30.8216,J,1.645,TRUE,W,0.39357,FALSE,30.8216,
./data/scz_seq_sim_divided_attn-A18.csv,11/23/2015, 4:09:08 PM,scz_seq_sim_divided_attn,A18,43,sequential,no_catch,0.63971,T1Q4,31.0823      31.0823      31.0823,L,1.2933,FALSE,Q,0.41864,TRUE,31.0823,
./data/scz_seq_sim_divided_attn-A18.csv,11/23/2015, 4:09:08 PM,scz_seq_sim_divided_attn,A18,44,sequential,no_catch,0.59431,B1E9,31.3233      31.3233      31.3233,B,1.1907,TRUE,E,0.42393,TRUE,31.3233,
./data/scz_seq_sim_divided_attn-A18.csv,11/23/2015, 4:09:08 PM,scz_seq_sim_divided_attn,A18,45,sequential,no_catch,0.67638,P63Z,31.0724      31.0724      31.0724,P,1.3551,TRUE,Z,0.51609,TRUE,31.0724,
./data/scz_seq_sim_divided_attn-A18.csv,11/23/2015, 4:09:08 PM,scz_seq_sim_divided_attn,A18,46,sequential,no_catch,0.72296,5K6L,30.8223      30.8223      30.8223,K,1.4335,TRUE,L,0.26941,TRUE,30.8223,
./data/scz_seq_sim_divided_attn-A18.csv,11/23/2015, 4:09:08 PM,scz_seq_sim_divided_attn,A18,47,sequential,no_catch,0.67028,1YQ3,30.5967      30.5967      30.5967,Y,1.2974,TRUE,Q,0.34776,TRUE,30.5967,
./data/scz_seq_sim_divided_attn-A18.csv,11/23/2015, 4:09:08 PM,scz_seq_sim_divided_attn,A18,48,sequential,no_catch,0.62697,5RB7,30.3735      30.3735      30.3735,R,1.4479,TRUE,B,0.4013,TRUE,30.3735,
./data/scz_seq_sim_divided_attn-A18.csv,11/23/2015, 4:09:08 PM,scz_seq_sim_divided_attn,A18,49,sequential,no_catch,0.50621,4SY8,30.1484      30.1484      30.1484,S,1.326,TRUE,Y,0.24765,TRUE,30.1484,
./data/scz_seq_sim_divided_attn-A18.csv,11/23/2015, 4:09:08 PM,scz_seq_sim_divided_attn,A18,50,sequential,no_catch,0.63125,W6N9,29.9455      29.9455      29.9455,W,1.3772,TRUE,N,0.35639,TRUE,29.9455,
./data/scz_seq_sim_divided_attn-A18.csv,11/23/2015, 4:09:08 PM,scz_seq_sim_divided_attn,A18,51,sequential,no_catch,0.64236,N4A3,29.7459      29.7459      29.7459,N,1.5259,TRUE,A,0.2928,TRUE,29.7459,
./data/scz_seq_sim_divided_attn-A18.csv,11/23/2015, 4:09:08 PM,scz_seq_sim_divided_attn,A18,52,sequential,no_catch,0.59019,G92L,29.5456      29.5456      29.5456,G,1.3986,TRUE,Z,0.33081,FALSE,29.5456,
./data/scz_seq_sim_divided_attn-A18.csv,11/23/2015, 4:09:08 PM,scz_seq_sim_divided_attn,A18,53,sequential,no_catch,0.66266,X1C9,29.7367      29.7367      29.7367,X,1.0895,TRUE,C,0.17732,TRUE,29.7367,
./data/scz_seq_sim_divided_attn-A18.csv,11/23/2015, 4:09:08 PM,scz_seq_sim_divided_attn,A18,54,sequential,no_catch,0.51562,6J4E,29.5421      29.5421      29.5421,J,1.2227,TRUE,E,0.29261,TRUE,29.5421,
./data/scz_seq_sim_divided_attn-A18.csv,11/23/2015, 4:09:08 PM,scz_seq_sim_divided_attn,A18,55,sequential,no_catch,0.73995,N5Z9,29.3556      29.3556      29.3556,N,1.2349,TRUE,Z,0.53827,TRUE,29.3556,
./data/scz_seq_sim_divided_attn-A18.csv,11/23/2015, 4:09:08 PM,scz_seq_sim_divided_attn,A18,56,sequential,no_catch,0.69438,1R3V,29.1809      29.1809      29.1809,R,1.1671,TRUE,V,0.4082,TRUE,29.1809,
./data/scz_seq_sim_divided_attn-A18.csv,11/23/2015, 4:09:08 PM,scz_seq_sim_divided_attn,A18,57,sequential,no_catch,0.63378,5N1G,29.0066      29.0066      29.0066,S,1.4026,FALSE,G,0.16113,TRUE,29.0066,
./data/scz_seq_sim_divided_attn-A18.csv,11/23/2015, 4:09:08 PM,scz_seq_sim_divided_attn,A18,58,sequential,no_catch,0.62372,J37A,29.1685      29.1685      29.1685,J,1.2282,TRUE,A,0.25205,TRUE,29.1685,
./data/scz_seq_sim_divided_attn-A18.csv,11/23/2015, 4:09:08 PM,scz_seq_sim_divided_attn,A18,59,sequential,no_catch,0.54196,W79U,28.9989      28.9989      28.9989,R,1.1883,FALSE,U,0.27825,TRUE,28.9989,
./data/scz_seq_sim_divided_attn-A18.csv,11/23/2015, 4:09:08 PM,scz_seq_sim_divided_attn,A18,60,sequential,no_catch,0.54369,1N2J,29.1566      29.1566      29.1566,N,1.4531,TRUE,J,0.63984,TRUE,29.1566,
./data/scz_seq_sim_divided_attn-A18.csv,11/23/2015, 4:09:08 PM,scz_seq_sim_divided_attn,A18,61,sequential,no_catch,0.73001,X27V,28.9913      28.9913      28.9913,X,2.4519,TRUE,V,0.34676,TRUE,28.9913,
./data/scz_seq_sim_divided_attn-A18.csv,11/23/2015, 4:09:08 PM,scz_seq_sim_divided_attn,A18,62,sequential,no_catch,0.57087,5VB7,28.8237      28.8237      28.8237,V,1.5534,TRUE,B,0.70461,TRUE,28.8237,
./data/scz_seq_sim_divided_attn-A18.csv,11/23/2015, 4:09:08 PM,scz_seq_sim_divided_attn,A18,63,sequential,no_catch,0.52466,7HD1,28.6682      28.6682      28.6682,W,1.7747,FALSE,D,0.55674,TRUE,28.6682,
./data/scz_seq_sim_divided_attn-A18.csv,11/23/2015, 4:09:08 PM,scz_seq_sim_divided_attn,A18,64,sequential,no_catch,0.68126,X2U7,28.8212      28.8212      28.8212,X,1.364,TRUE,U,0.27837,TRUE,28.8212,
./data/scz_seq_sim_divided_attn-A18.csv,11/23/2015, 4:09:08 PM,scz_seq_sim_divided_attn,A18,65,sequential,no_catch,0.68471,5K3J,28.6697      28.6697      28.6697,K,1.3463,TRUE,J,0.22421,TRUE,28.6697,
./data/scz_seq_sim_divided_attn-A18.csv,11/23/2015, 4:09:08 PM,scz_seq_sim_divided_attn,A18,66,sequential,no_catch,0.63223,S9M3,28.5247      28.5247      28.5247,S,1.3223,TRUE,M,0.41845,TRUE,28.5247,
./data/scz_seq_sim_divided_attn-A18.csv,11/23/2015, 4:09:08 PM,scz_seq_sim_divided_attn,A18,67,sequential,no_catch,0.72845,G6D1,28.3799      28.3799      28.3799,G,1.3543,TRUE,D,0.30018,TRUE,28.3799,
./data/scz_seq_sim_divided_attn-A18.csv,11/23/2015, 4:09:08 PM,scz_seq_sim_divided_attn,A18,68,sequential,no_catch,0.70458,2CF4,28.2337      28.2337      28.2337,C,1.0965,TRUE,F,0.27699,TRUE,28.2337,
./data/scz_seq_sim_divided_attn-A18.csv,11/23/2015, 4:09:08 PM,scz_seq_sim_divided_attn,A18,69,sequential,no_catch,0.65,9DL6,28.0885      28.0885      28.0885,D,1.1495,TRUE,L,0.37148,TRUE,28.0885,
./data/scz_seq_sim_divided_attn-A18.csv,11/23/2015, 4:09:08 PM,scz_seq_sim_divided_attn,A18,70,sequential,no_catch,0.52805,7BA6,27.9561      27.9561      27.9561,B,1.3524,TRUE,A,0.36341,TRUE,27.9561,
./data/scz_seq_sim_divided_attn-A18.csv,11/23/2015, 4:09:08 PM,scz_seq_sim_divided_attn,A18,71,sequential,no_catch,0.60955,8P2T,27.825       27.825       27.825,P,1.2435,TRUE,T,0.31605,TRUE,27.825,
./data/scz_seq_sim_divided_attn-A18.csv,11/23/2015, 4:09:08 PM,scz_seq_sim_divided_attn,A18,72,sequential,no_catch,0.57323,5S2F,27.6931      27.6931      27.6931,F,1.7781,TRUE,R,0.061013,FALSE,27.6931,
./data/scz_seq_sim_divided_attn-A18.csv,11/23/2015, 4:09:08 PM,scz_seq_sim_divided_attn,A18,73,sequential,no_catch,0.5601,Z43Y,27.816       27.816       27.816,Z,1.2291,TRUE,Y,0.22411,TRUE,27.816,
./data/scz_seq_sim_divided_attn-A18.csv,11/23/2015, 4:09:08 PM,scz_seq_sim_divided_attn,A18,74,sequential,no_catch,0.61604,N34H,27.6868      27.6868      27.6868,N,1.9552,TRUE,H,0.59492,TRUE,27.6868,
./data/scz_seq_sim_divided_attn-A18.csv,11/23/2015, 4:09:08 PM,scz_seq_sim_divided_attn,A18,75,sequential,no_catch,0.54312,B7Y2,27.5555      27.5555      27.5555,B,1.8788,TRUE,Y,0.23834,TRUE,27.5555,
./data/scz_seq_sim_divided_attn-A18.csv,11/23/2015, 4:09:08 PM,scz_seq_sim_divided_attn,A18,76,sequential,no_catch,0.63022,W57K,27.4284      27.4284      27.4284,R,1.8496,FALSE,K,0.31571,TRUE,27.4284,
./data/scz_seq_sim_divided_attn-A18.csv,11/23/2015, 4:09:08 PM,scz_seq_sim_divided_attn,A18,77,sequential,no_catch,0.53289,L73Y,27.5526      27.5526      27.5526,L,1.5328,TRUE,Y,0.31713,TRUE,27.5526,
./data/scz_seq_sim_divided_attn-A18.csv,11/23/2015, 4:09:08 PM,scz_seq_sim_divided_attn,A18,78,sequential,no_catch,0.61787,E9H1,27.4283      27.4283      27.4283,E,1.4765,TRUE,H,0.39313,TRUE,27.4283,
./data/scz_seq_sim_divided_attn-A18.csv,11/23/2015, 4:09:08 PM,scz_seq_sim_divided_attn,A18,79,sequential,no_catch,0.59755,W3V8,27.3128      27.3128      27.3128,W,1.3076,TRUE,Y,0.39441,FALSE,27.3128,
./data/scz_seq_sim_divided_attn-A18.csv,11/23/2015, 4:09:08 PM,scz_seq_sim_divided_attn,A18,80,sequential,no_catch,0.54407,1Z5Q,27.428       27.428       27.428,Z,1.5078,TRUE,Q,0.68536,TRUE,27.428,
./data/scz_seq_sim_divided_attn-A18.csv,11/23/2015, 4:09:08 PM,scz_seq_sim_divided_attn,A18,81,sequential,no_catch,0.69163,6TS8,27.315       27.315       27.315,T,1.4536,TRUE,S,0.40305,TRUE,27.315,
./data/scz_seq_sim_divided_attn-A18.csv,11/23/2015, 4:09:08 PM,scz_seq_sim_divided_attn,A18,82,sequential,no_catch,0.73828,J41V,27.2028      27.2028      27.2028,J,1.5626,TRUE,V,1.1514,TRUE,27.2028,
./data/scz_seq_sim_divided_attn-A18.csv,11/23/2015, 4:09:08 PM,scz_seq_sim_divided_attn,A18,83,sequential,no_catch,0.56819,V32R,27.09        27.09        27.09,V,1.5861,TRUE,R,0.30831,TRUE,27.09,
./data/scz_seq_sim_divided_attn-A18.csv,11/23/2015, 4:09:08 PM,scz_seq_sim_divided_attn,A18,84,sequential,no_catch,0.72315,F1C4,26.9757      26.9757      26.9757,F,3.8361,TRUE,C,0.37745,TRUE,26.9757,
./data/scz_seq_sim_divided_attn-A18.csv,11/23/2015, 4:09:08 PM,scz_seq_sim_divided_attn,A18,85,sequential,no_catch,0.72803,D76R,26.8583      26.8583      26.8583,D,1.2741,TRUE,R,0.23141,TRUE,26.8583,
./data/scz_seq_sim_divided_attn-A18.csv,11/23/2015, 4:09:08 PM,scz_seq_sim_divided_attn,A18,86,sequential,no_catch,0.70423,5J4M,26.7533      26.7533      26.7533,S,2.2684,FALSE,N,0.22399,FALSE,26.7533,
./data/scz_seq_sim_divided_attn-A18.csv,11/23/2015, 4:09:08 PM,scz_seq_sim_divided_attn,A18,87,sequential,no_catch,0.58422,7D9C,27.0791      27.0791      27.0791,D,1.1528,TRUE,C,0.50063,TRUE,27.0791,
./data/scz_seq_sim_divided_attn-A18.csv,11/23/2015, 4:09:08 PM,scz_seq_sim_divided_attn,A18,88,sequential,no_catch,0.54557,E86F,26.9686      26.9686      26.9686,E,1.1432,TRUE,F,0.35389,TRUE,26.9686,
./data/scz_seq_sim_divided_attn-A18.csv,11/23/2015, 4:09:08 PM,scz_seq_sim_divided_attn,A18,89,sequential,no_catch,0.61049,Q73W,26.8556      26.8556      26.8556,Q,1.3867,TRUE,W,0.16168,TRUE,26.8556,
./data/scz_seq_sim_divided_attn-A18.csv,11/23/2015, 4:09:08 PM,scz_seq_sim_divided_attn,A18,90,sequential,no_catch,0.70881,B42J,26.7546      26.7546      26.7546,B,2.4184,TRUE,J,0.16187,TRUE,26.7546,
./data/scz_seq_sim_divided_attn-A18.csv,11/23/2015, 4:09:08 PM,scz_seq_sim_divided_attn,A18,91,sequential,no_catch,0.50362,E97A,26.6551      26.6551      26.6551,E,1.2534,TRUE,A,0.28445,TRUE,26.6551,
./data/scz_seq_sim_divided_attn-A18.csv,11/23/2015, 4:09:08 PM,scz_seq_sim_divided_attn,A18,92,sequential,no_catch,0.65922,Z72G,26.5559      26.5559      26.5559,Z,2.8334,TRUE,G,0.24646,TRUE,26.5559,
./data/scz_seq_sim_divided_attn-A18.csv,11/23/2015, 4:09:08 PM,scz_seq_sim_divided_attn,A18,93,sequential,no_catch,0.62727,D5S7,26.4562      26.4562      26.4562,D,2.2096,TRUE,S,0.18569,TRUE,26.4562,
./data/scz_seq_sim_divided_attn-A18.csv,11/23/2015, 4:09:08 PM,scz_seq_sim_divided_attn,A18,94,sequential,no_catch,0.60817,3CY6,26.3541      26.3541      26.3541,C,1.2309,TRUE,Y,0.14646,TRUE,26.3541,
./data/scz_seq_sim_divided_attn-A18.csv,11/23/2015, 4:09:08 PM,scz_seq_sim_divided_attn,A18,95,sequential,no_catch,0.52633,Z5L2,26.249       26.249       26.249,Z,1.8334,TRUE,L,0.28486,TRUE,26.249,
./data/scz_seq_sim_divided_attn-A18.csv,11/23/2015, 4:09:08 PM,scz_seq_sim_divided_attn,A18,96,sequential,no_catch,0.7211,A89J,26.1551      26.1551      26.1551,A,3.9473,TRUE,J,0.32472,TRUE,26.1551,
./data/scz_seq_sim_divided_attn-A18.csv,11/23/2015, 4:09:08 PM,scz_seq_sim_divided_attn,A18,97,sequential,no_catch,0.74911,Z2D3,26.0627      26.0627      26.0627,Z,1.2221,TRUE,D,0.22417,TRUE,26.0627,
./data/scz_seq_sim_divided_attn-A18.csv,11/23/2015, 4:09:08 PM,scz_seq_sim_divided_attn,A18,98,sequential,no_catch,0.73383,L24N,25.9705      25.9705      25.9705,L,1.1727,TRUE,H,0.39395,FALSE,25.9705,
./data/scz_seq_sim_divided_attn-A18.csv,11/23/2015, 4:09:08 PM,scz_seq_sim_divided_attn,A18,99,sequential,no_catch,0.64925,1X2B,26.0647      26.0647      26.0647,X,2.1241,TRUE,B,0.29256,TRUE,26.0647,
./data/scz_seq_sim_divided_attn-A18.csv,11/23/2015, 4:09:08 PM,scz_seq_sim_divided_attn,A18,100,sequential,no_catch,0.62692,G6D4,25.9742      25.9742      25.9742,G,1.6935,TRUE,D,0.67205,TRUE,25.9742,
./data/scz_seq_sim_divided_attn-A18.csv,11/23/2015, 4:09:08 PM,scz_seq_sim_divided_attn,A18,101,sequential,no_catch,0.69248,L15M,25.8829      25.8829      25.8829,L,1.1299,TRUE,W,0.26123,FALSE,25.8829,
./data/scz_seq_sim_divided_attn-A18.csv,11/23/2015, 4:09:08 PM,scz_seq_sim_divided_attn,A18,102,sequential,no_catch,0.73746,A41U,25.9675      25.9675      25.9675,A,1.7873,TRUE,U,0.13132,TRUE,25.9675,
./data/scz_seq_sim_divided_attn-A18.csv,11/23/2015, 4:09:08 PM,scz_seq_sim_divided_attn,A18,103,sequential,no_catch,0.5451,E31J,25.8777      25.8777      25.8777,E,1.2968,TRUE,J,0.34535,TRUE,25.8777,
./data/scz_seq_sim_divided_attn-A18.csv,11/23/2015, 4:09:08 PM,scz_seq_sim_divided_attn,A18,104,sequential,no_catch,0.69691,N1D6,25.7865      25.7865      25.7865,N,1.0747,TRUE,D,0.34589,TRUE,25.7865,
./data/scz_seq_sim_divided_attn-A18.csv,11/23/2015, 4:09:08 PM,scz_seq_sim_divided_attn,A18,105,sequential,no_catch,0.63876,K14Q,25.6923      25.6923      25.6923,K,1.2036,TRUE,Q,0.30921,TRUE,25.6923,
./data/scz_seq_sim_divided_attn-A18.csv,11/23/2015, 4:09:08 PM,scz_seq_sim_divided_attn,A18,106,sequential,no_catch,0.64248,P74A,25.6025      25.6025      25.6025,P,1.5616,TRUE,A,0.29163,TRUE,25.6025,
./data/scz_seq_sim_divided_attn-A18.csv,11/23/2015, 4:09:08 PM,scz_seq_sim_divided_attn,A18,107,sequential,no_catch,0.66507,E1U7,25.5183      25.5183      25.5183,L,1.2761,FALSE,U,1.4006,TRUE,25.5183,
./data/scz_seq_sim_divided_attn-A18.csv,11/23/2015, 4:09:08 PM,scz_seq_sim_divided_attn,A18,108,sequential,no_catch,0.61023,3S2G,25.602       25.602       25.602,K,1.2571,FALSE,G,0.46716,TRUE,25.602,
./data/scz_seq_sim_divided_attn-A18.csv,11/23/2015, 4:09:08 PM,scz_seq_sim_divided_attn,A18,109,sequential,no_catch,0.64102,Q7W1,25.6882      25.6882      25.6882,Q,1.3915,TRUE,W,0.10671,TRUE,25.6882,
./data/scz_seq_sim_divided_attn-A18.csv,11/23/2015, 4:09:08 PM,scz_seq_sim_divided_attn,A18,110,sequential,no_catch,0.60861,4K1J,25.6015      25.6015      25.6015,K,1.2608,TRUE,J,0.13109,TRUE,25.6015,
./data/scz_seq_sim_divided_attn-A18.csv,11/23/2015, 4:09:08 PM,scz_seq_sim_divided_attn,A18,111,sequential,no_catch,0.66647,7S5V,25.5201      25.5201      25.5201,K,1.1695,FALSE,V,0.38567,TRUE,25.5201,
./data/scz_seq_sim_divided_attn-A18.csv,11/23/2015, 4:09:08 PM,scz_seq_sim_divided_attn,A18,112,sequential,no_catch,0.5565,K5A4,25.6009      25.6009      25.6009,K,1.0899,TRUE,A,1.1914,TRUE,25.6009,
./data/scz_seq_sim_divided_attn-A18.csv,11/23/2015, 4:09:08 PM,scz_seq_sim_divided_attn,A18,113,sequential,no_catch,0.74021,9FK4,25.5208      25.5208      25.5208,F,1.3678,TRUE,K,0.51074,TRUE,25.5208,
./data/scz_seq_sim_divided_attn-A18.csv,11/23/2015, 4:09:08 PM,scz_seq_sim_divided_attn,A18,114,sequential,no_catch,0.72018,2TL9,25.4415      25.4415      25.4415,T,1.3216,TRUE,L,0.67933,TRUE,25.4415,
./data/scz_seq_sim_divided_attn-A18.csv,11/23/2015, 4:09:08 PM,scz_seq_sim_divided_attn,A18,115,sequential,no_catch,0.58707,T52Q,25.362       25.362       25.362,T,1.2585,TRUE,Q,0.34021,TRUE,25.362,
./data/scz_seq_sim_divided_attn-A18.csv,11/23/2015, 4:09:08 PM,scz_seq_sim_divided_attn,A18,116,sequential,no_catch,0.72836,5Q8N,25.2817      25.2817      25.2817,Q,1.2457,TRUE,N,0.76471,TRUE,25.2817,
./data/scz_seq_sim_divided_attn-A18.csv,11/23/2015, 4:09:08 PM,scz_seq_sim_divided_attn,A18,117,sequential,no_catch,0.66442,7S4J,25.2         25.2         25.2,S,1.2536,TRUE,J,0.37565,TRUE,25.2,
./data/scz_seq_sim_divided_attn-A18.csv,11/23/2015, 4:09:08 PM,scz_seq_sim_divided_attn,A18,118,sequential,no_catch,0.58158,S27A,25.1156      25.1156      25.1156,S,1.2387,TRUE,A,0.62182,TRUE,25.1156,
./data/scz_seq_sim_divided_attn-A18.csv,11/23/2015, 4:09:08 PM,scz_seq_sim_divided_attn,A18,119,sequential,no_catch,0.61477,5JB7,25.0335      25.0335      25.0335,S,1.1508,FALSE,B,0.40195,TRUE,25.0335,
./data/scz_seq_sim_divided_attn-A18.csv,11/23/2015, 4:09:08 PM,scz_seq_sim_divided_attn,A18,120,sequential,no_catch,0.59077,9Q8W,25.1135      25.1135      25.1135,Q,1.3164,TRUE,W,0.037361,TRUE,25.1135,
./data/scz_seq_sim_divided_attn-A18.csv,11/23/2015, 4:09:08 PM,scz_seq_sim_divided_attn,A18,121,sequential,no_catch,0.69652,1M8K,25.0328      25.0328      25.0328,L,1.437,FALSE,K,0.46314,TRUE,25.0328,
./data/scz_seq_sim_divided_attn-A18.csv,11/23/2015, 4:09:08 PM,scz_seq_sim_divided_attn,A18,122,sequential,no_catch,0.61531,4UC5,25.1114      25.1114      25.1114,U,1.3387,TRUE,C,0.91132,TRUE,25.1114,
./data/scz_seq_sim_divided_attn-A18.csv,11/23/2015, 4:09:08 PM,scz_seq_sim_divided_attn,A18,123,sequential,no_catch,0.69923,G1H2,25.032       25.032       25.032,C,1.1044,FALSE,H,0.33212,TRUE,25.032,
./data/scz_seq_sim_divided_attn-A18.csv,11/23/2015, 4:09:08 PM,scz_seq_sim_divided_attn,A18,124,sequential,no_catch,0.62781,R49F,25.1094      25.1094      25.1094,R,1.0737,TRUE,F,0.25448,TRUE,25.1094,
./data/scz_seq_sim_divided_attn-A18.csv,11/23/2015, 4:09:08 PM,scz_seq_sim_divided_attn,A18,125,sequential,no_catch,0.58274,1L5N,25.0312      25.0312      25.0312,K,2.0195,FALSE,N,0.48739,TRUE,25.0312,
./data/scz_seq_sim_divided_attn-A18.csv,11/23/2015, 4:09:08 PM,scz_seq_sim_divided_attn,A18,126,sequential,no_catch,0.69136,F7U2,25.1073      25.1073      25.1073,F,1.2444,TRUE,U,0.5476,TRUE,25.1073,
./data/scz_seq_sim_divided_attn-A18.csv,11/23/2015, 4:09:08 PM,scz_seq_sim_divided_attn,A18,127,sequential,no_catch,0.67192,4XU9,25.0304      25.0304      25.0304,X,1.1477,TRUE,U,0.79717,TRUE,25.0304,
./data/scz_seq_sim_divided_attn-A18.csv,11/23/2015, 4:09:08 PM,scz_seq_sim_divided_attn,A18,128,sequential,no_catch,0.58356,5A6Y,24.959       24.959       24.959,A,1.3529,TRUE,Y,0.53158,TRUE,24.959,
./data/scz_seq_sim_divided_attn-A18.csv,11/23/2015, 4:09:08 PM,scz_seq_sim_divided_attn,A18,129,sequential,no_catch,0.60634,Z6S3,24.8884      24.8884      24.8884,Z,1.0406,TRUE,S,0.37654,TRUE,24.8884,
./data/scz_seq_sim_divided_attn-A18.csv,11/23/2015, 4:09:08 PM,scz_seq_sim_divided_attn,A18,130,sequential,no_catch,0.54993,J72Y,24.818       24.818       24.818,J,1.3266,TRUE,Z,0.52475,FALSE,24.818,
./data/scz_seq_sim_divided_attn-A18.csv,11/23/2015, 4:09:08 PM,scz_seq_sim_divided_attn,A18,131,sequential,no_catch,0.50407,X9F5,24.8896      24.8896      24.8896,X,1.1984,TRUE,F,0.27123,TRUE,24.8896,
./data/scz_seq_sim_divided_attn-A18.csv,11/23/2015, 4:09:08 PM,scz_seq_sim_divided_attn,A18,132,sequential,no_catch,0.69511,7BL6,24.8203      24.8203      24.8203,T,1.1757,FALSE,L,0.31685,TRUE,24.8203,
./data/scz_seq_sim_divided_attn-A18.csv,11/23/2015, 4:09:08 PM,scz_seq_sim_divided_attn,A18,133,sequential,no_catch,0.62003,1WS7,24.8907      24.8907      24.8907,W,1.1471,TRUE,S,0.39349,TRUE,24.8907,
./data/scz_seq_sim_divided_attn-A18.csv,11/23/2015, 4:09:08 PM,scz_seq_sim_divided_attn,A18,134,sequential,no_catch,0.50999,6C9M,24.8224      24.8224      24.8224,C,1.0576,TRUE,W,0.23842,FALSE,24.8224,
./data/scz_seq_sim_divided_attn-A18.csv,11/23/2015, 4:09:08 PM,scz_seq_sim_divided_attn,A18,135,sequential,no_catch,0.66688,3Q4J,24.8918      24.8918      24.8918,R,1.175,FALSE,J,3.9652,TRUE,24.8918,
./data/scz_seq_sim_divided_attn-A18.csv,11/23/2015, 4:09:08 PM,scz_seq_sim_divided_attn,A18,136,sequential,no_catch,0.60053,Y74J,24.9595      24.9595      24.9595,U,2.7161,FALSE,J,0.69482,TRUE,24.9595,
./data/scz_seq_sim_divided_attn-A18.csv,11/23/2015, 4:09:08 PM,scz_seq_sim_divided_attn,A18,137,sequential,no_catch,0.74695,5JE9,25.0261      25.0261      25.0261,S,1.0305,FALSE,E,0.19285,TRUE,25.0261,
./data/scz_seq_sim_divided_attn-A18.csv,11/23/2015, 4:09:08 PM,scz_seq_sim_divided_attn,A18,138,sequential,no_catch,0.73954,8B6L,25.0952      25.0952      25.0952,B,0.9441,TRUE,L,0.14583,TRUE,25.0952,
./data/scz_seq_sim_divided_attn-A18.csv,11/23/2015, 4:09:08 PM,scz_seq_sim_divided_attn,A18,139,sequential,no_catch,0.69875,9JY4,25.0252      25.0252      25.0252,J,1.0735,TRUE,Y,0.66404,TRUE,25.0252,
./data/scz_seq_sim_divided_attn-A18.csv,11/23/2015, 4:09:08 PM,scz_seq_sim_divided_attn,A18,140,sequential,no_catch,0.5474,2E5T,24.9595      24.9595      24.9595,E,1.2661,TRUE,S,0.34768,FALSE,24.9595,
./data/scz_seq_sim_divided_attn-A18.csv,11/23/2015, 4:09:08 PM,scz_seq_sim_divided_attn,A18,141,sequential,no_catch,0.55516,5V9F,25.0243      25.0243      25.0243,V,1.221,TRUE,B,0.23154,FALSE,25.0243,
./data/scz_seq_sim_divided_attn-A18.csv,11/23/2015, 4:09:08 PM,scz_seq_sim_divided_attn,A18,142,sequential,no_catch,0.55575,U5W6,25.0912      25.0912      25.0912,H,3.8635,FALSE,B,0.57851,FALSE,25.0912,
./data/scz_seq_sim_divided_attn-A18.csv,11/23/2015, 4:09:08 PM,scz_seq_sim_divided_attn,A18,143,sequential,no_catch,0.67317,Z6D2,25.2966      25.2966      25.2966,G,2.0881,FALSE,D,0.27873,TRUE,25.2966,
./data/scz_seq_sim_divided_attn-A18.csv,11/23/2015, 4:09:08 PM,scz_seq_sim_divided_attn,A18,144,sequential,no_catch,0.54203,1A8H,25.3582      25.3582      25.3582,A,1.3403,TRUE,H,0.23799,TRUE,25.3582,
./data/scz_seq_sim_divided_attn-A18.csv,11/23/2015, 4:09:08 PM,scz_seq_sim_divided_attn,A18,145,sequential,no_catch,0.67133,K68C,25.2925      25.2925      25.2925,G,2.2997,FALSE,B,0.32454,FALSE,25.2925,
./data/scz_seq_sim_divided_attn-A18.csv,11/23/2015, 4:09:08 PM,scz_seq_sim_divided_attn,A18,146,sequential,no_catch,0.5704,M63A,25.4756      25.4756      25.4756,W,2.0953,FALSE,A,0.29257,TRUE,25.4756,
./data/scz_seq_sim_divided_attn-A18.csv,11/23/2015, 4:09:08 PM,scz_seq_sim_divided_attn,A18,147,sequential,no_catch,0.65134,5S7R,25.5394      25.5394      25.5394,S,0.96926,TRUE,R,0.36127,TRUE,25.5394,
./data/scz_seq_sim_divided_attn-A18.csv,11/23/2015, 4:09:08 PM,scz_seq_sim_divided_attn,A18,148,sequential,no_catch,0.58434,X28A,25.4762      25.4762      25.4762,X,2.2598,TRUE,A,0.36184,TRUE,25.4762,
./data/scz_seq_sim_divided_attn-A18.csv,11/23/2015, 4:09:08 PM,scz_seq_sim_divided_attn,A18,149,sequential,no_catch,0.62787,H2A5,25.4134      25.4134      25.4134,Z,1.2289,FALSE,A,0.15399,TRUE,25.4134,
./data/scz_seq_sim_divided_attn-A18.csv,11/23/2015, 4:09:08 PM,scz_seq_sim_divided_attn,A18,150,sequential,no_catch,0.58693,8SL9,25.4768      25.4768      25.4768,S,1.8315,TRUE,L,0.51722,TRUE,25.4768,
./data/scz_seq_sim_divided_attn-A18.csv,11/23/2015, 4:09:08 PM,scz_seq_sim_divided_attn,A18,151,sequential,no_catch,0.70866,7W5A,25.4148      25.4148      25.4148,W,1.5549,TRUE,A,0.060439,TRUE,25.4148,
./data/scz_seq_sim_divided_attn-A18.csv,11/23/2015, 4:09:08 PM,scz_seq_sim_divided_attn,A18,152,sequential,no_catch,0.57151,X5Y2,25.3526      25.3526      25.3526,A,2.3406,FALSE,Z,0.21507,FALSE,25.3526,
./data/scz_seq_sim_divided_attn-A18.csv,11/23/2015, 4:09:08 PM,scz_seq_sim_divided_attn,A18,153,sequential,no_catch,0.53845,2ZX9,25.5248      25.5248      25.5248,Z,1.2681,TRUE,X,0.14569,TRUE,25.5248,
./data/scz_seq_sim_divided_attn-A18.csv,11/23/2015, 4:09:08 PM,scz_seq_sim_divided_attn,A18,154,sequential,no_catch,0.54425,P58X,25.4639      25.4639      25.4639,P,2.1185,TRUE,X,0.33356,TRUE,25.4639,
./data/scz_seq_sim_divided_attn-A18.csv,11/23/2015, 4:09:08 PM,scz_seq_sim_divided_attn,A18,155,sequential,no_catch,0.56875,A76Y,25.4034      25.4034      25.4034,A,0.95804,TRUE,Y,0.44698,TRUE,25.4034,
./data/scz_seq_sim_divided_attn-A18.csv,11/23/2015, 4:09:08 PM,scz_seq_sim_divided_attn,A18,156,sequential,no_catch,0.51913,T98D,25.3425      25.3425      25.3425,T,1.2736,TRUE,D,0.26932,TRUE,25.3425,
./data/scz_seq_sim_divided_attn-A18.csv,11/23/2015, 4:09:08 PM,scz_seq_sim_divided_attn,A18,157,sequential,no_catch,0.53551,4U8F,25.2814      25.2814      25.2814,U,1.1908,TRUE,F,0.32363,TRUE,25.2814,
./data/scz_seq_sim_divided_attn-A18.csv,11/23/2015, 4:09:08 PM,scz_seq_sim_divided_attn,A18,158,sequential,no_catch,0.73703,N67K,25.2189      25.2189      25.2189,G,1.4303,FALSE,K,0.28569,TRUE,25.2189,
./data/scz_seq_sim_divided_attn-A18.csv,11/23/2015, 4:09:08 PM,scz_seq_sim_divided_attn,A18,159,sequential,no_catch,0.53552,T39Q,25.2777      25.2777      25.2777,T,1.1451,TRUE,Q,0.2005,TRUE,25.2777,
./data/scz_seq_sim_divided_attn-A18.csv,11/23/2015, 4:09:08 PM,scz_seq_sim_divided_attn,A18,160,sequential,no_catch,0.64278,X8S3,25.2158      25.2158      25.2158,S,0.94372,TRUE,X,1.1286,TRUE,25.2158,
./data/scz_seq_sim_divided_attn-A18.csv,11/23/2015, 4:09:08 PM,scz_seq_sim_divided_attn,A18,161,sequential,no_catch,0.60186,9QC3,25.1521      25.1521      25.1521,Q,1.4986,TRUE,C,0.33984,TRUE,25.1521,
./data/scz_seq_sim_divided_attn-A18.csv,11/23/2015, 4:09:08 PM,scz_seq_sim_divided_attn,A18,162,sequential,no_catch,0.58568,P5B8,25.0862      25.0862      25.0862,P,1.2126,TRUE,B,0.16846,TRUE,25.0862,
./data/scz_seq_sim_divided_attn-A18.csv,11/23/2015, 4:09:08 PM,scz_seq_sim_divided_attn,A18,163,sequential,no_catch,0.64651,3U1K,25.0264      25.0264      25.0264,U,1.0392,TRUE,K,0.20869,TRUE,25.0264,
./data/scz_seq_sim_divided_attn-A18.csv,11/23/2015, 4:09:08 PM,scz_seq_sim_divided_attn,A18,164,sequential,no_catch,0.57238,J68Z,24.9699      24.9699      24.9699,G,1.3993,FALSE,Z,0.36257,TRUE,24.9699,
./data/scz_seq_sim_divided_attn-A18.csv,11/23/2015, 4:09:08 PM,scz_seq_sim_divided_attn,A18,165,sequential,no_catch,0.60944,5W8N,25.0253      25.0253      25.0253,W,2.6038,TRUE,N,0.22815,TRUE,25.0253,
./data/scz_seq_sim_divided_attn-A18.csv,11/23/2015, 4:09:08 PM,scz_seq_sim_divided_attn,A18,166,sequential,no_catch,0.63298,K6V9,24.9695      24.9695      24.9695,K,2.1642,TRUE,V,0.10729,TRUE,24.9695,
./data/scz_seq_sim_divided_attn-A18.csv,11/23/2015, 4:09:08 PM,scz_seq_sim_divided_attn,A18,167,sequential,no_catch,0.70778,1HT7,24.9145      24.9145      24.9145,H,1.3714,TRUE,T,1.4791,TRUE,24.9145,
./data/scz_seq_sim_divided_attn-A18.csv,11/23/2015, 4:09:08 PM,scz_seq_sim_divided_attn,A18,168,sequential,no_catch,0.53108,E8M3,24.86        24.86        24.86,E,1.4361,TRUE,M,0.50028,TRUE,24.86,
./data/scz_seq_sim_divided_attn-A18.csv,11/23/2015, 4:09:08 PM,scz_seq_sim_divided_attn,A18,169,sequential,no_catch,0.67475,B62N,24.8055      24.8055      24.8055,R,1.5931,FALSE,Z,0.62531,FALSE,24.8055,
./data/scz_seq_sim_divided_attn-A18.csv,11/23/2015, 4:09:08 PM,scz_seq_sim_divided_attn,A18,170,sequential,no_catch,0.74071,1M5S,24.9686      24.9686      24.9686,N,1.1722,FALSE,S,0.19995,TRUE,24.9686,
./data/scz_seq_sim_divided_attn-A18.csv,11/23/2015, 4:09:08 PM,scz_seq_sim_divided_attn,A18,171,sequential,no_catch,0.6973,6UP5,25.0222      25.0222      25.0222,U,1.5764,TRUE,P,0.36335,TRUE,25.0222,
./data/scz_seq_sim_divided_attn-A18.csv,11/23/2015, 4:09:08 PM,scz_seq_sim_divided_attn,A18,172,sequential,no_catch,0.60675,Y6V9,24.9682      24.9682      24.9682,Y,1.5365,TRUE,V,0.36908,TRUE,24.9682,
./data/scz_seq_sim_divided_attn-A18.csv,11/23/2015, 4:09:08 PM,scz_seq_sim_divided_attn,A18,173,sequential,no_catch,0.73069,6M8N,24.9151      24.9151      24.9151,R,1.6227,FALSE,N,0.42544,TRUE,24.9151,
./data/scz_seq_sim_divided_attn-A18.csv,11/23/2015, 4:09:08 PM,scz_seq_sim_divided_attn,A18,174,sequential,no_catch,0.61542,2S3Q,24.9678      24.9678      24.9678,Z,1.7112,FALSE,Q,0.38591,TRUE,24.9678,
./data/scz_seq_sim_divided_attn-A18.csv,11/23/2015, 4:09:08 PM,scz_seq_sim_divided_attn,A18,175,sequential,no_catch,0.72478,3WU4,25.0202      25.0202      25.0202,G,7.5746,FALSE,V,0.076204,FALSE,25.0202,
./data/scz_seq_sim_divided_attn-A18.csv,11/23/2015, 4:09:08 PM,scz_seq_sim_divided_attn,A18,176,sequential,no_catch,0.726,S83J,25.1923      25.1923      25.1923,S,1.3666,TRUE,J,0.45392,TRUE,25.1923,
./data/scz_seq_sim_divided_attn-A18.csv,11/23/2015, 4:09:08 PM,scz_seq_sim_divided_attn,A18,177,sequential,no_catch,0.52472,F9V8,25.1328      25.1328      25.1328,F,1.5003,TRUE,V,0.41718,TRUE,25.1328,
./data/scz_seq_sim_divided_attn-A18.csv,11/23/2015, 4:09:08 PM,scz_seq_sim_divided_attn,A18,178,sequential,no_catch,0.59065,D25X,25.0711      25.0711      25.0711,D,1.2193,TRUE,X,0.66337,TRUE,25.0711,
./data/scz_seq_sim_divided_attn-A18.csv,11/23/2015, 4:09:08 PM,scz_seq_sim_divided_attn,A18,179,sequential,no_catch,0.74382,1H6U,25.0182      25.0182      25.0182,J,1.5105,FALSE,U,0.19108,TRUE,25.0182,
./data/scz_seq_sim_divided_attn-A18.csv,11/23/2015, 4:09:08 PM,scz_seq_sim_divided_attn,A18,180,sequential,no_catch,0.57128,N6P3,25.0695      25.0695      25.0695,G,1.0948,FALSE,P,0.18264,TRUE,25.0695,
./data/scz_seq_sim_divided_attn-A18.csv,11/23/2015, 4:09:08 PM,scz_seq_sim_divided_attn,A18,181,sequential,no_catch,0.59175,Q21Z,25.1282      25.1282      25.1282,Z,1.8314,TRUE,P,0.97552,FALSE,25.1282,
./data/scz_seq_sim_divided_attn-A18.csv,11/23/2015, 4:09:08 PM,scz_seq_sim_divided_attn,A18,182,sequential,no_catch,0.58312,2HY4,25.1841      25.1841      25.1841,H,1.1772,TRUE,Y,0.2704,TRUE,25.1841,
./data/scz_seq_sim_divided_attn-A18.csv,11/23/2015, 4:09:08 PM,scz_seq_sim_divided_attn,A18,183,sequential,no_catch,0.65744,U8Y2,25.1259      25.1259      25.1259,U,1.1879,TRUE,Y,0.11563,TRUE,25.1259,
./data/scz_seq_sim_divided_attn-A18.csv,11/23/2015, 4:09:08 PM,scz_seq_sim_divided_attn,A18,184,sequential,no_catch,0.68283,1HJ7,25.0665      25.0665      25.0665,H,1.3762,TRUE,J,0.97417,TRUE,25.0665,
./data/scz_seq_sim_divided_attn-A18.csv,11/23/2015, 4:09:08 PM,scz_seq_sim_divided_attn,A18,185,sequential,no_catch,0.59637,1K7G,25.0152      25.0152      25.0152,K,1.6331,TRUE,G,0.49677,TRUE,25.0152,
./data/scz_seq_sim_divided_attn-A18.csv,11/23/2015, 4:09:08 PM,scz_seq_sim_divided_attn,A18,186,sequential,no_catch,0.72091,Z21N,24.9651      24.9651      24.9651,H,3.502,FALSE,W,0.33223,FALSE,24.9651,
./data/scz_seq_sim_divided_attn-A18.csv,11/23/2015, 4:09:08 PM,scz_seq_sim_divided_attn,A18,187,sequential,no_catch,0.69304,S7Y8,25.1215      25.1215      25.1215,S,1.0546,TRUE,Y,0.40091,TRUE,25.1215,
./data/scz_seq_sim_divided_attn-A18.csv,11/23/2015, 4:09:08 PM,scz_seq_sim_divided_attn,A18,188,sequential,no_catch,0.53621,3BD1,25.0635      25.0635      25.0635,B,1.1142,TRUE,D,0.41062,TRUE,25.0635,
./data/scz_seq_sim_divided_attn-A18.csv,11/23/2015, 4:09:08 PM,scz_seq_sim_divided_attn,A18,189,sequential,no_catch,0.6231,J39M,25.0133      25.0133      25.0133,J,1.5777,TRUE,W,0.2928,FALSE,25.0133,
./data/scz_seq_sim_divided_attn-A18.csv,11/23/2015, 4:09:08 PM,scz_seq_sim_divided_attn,A18,190,sequential,no_catch,0.65691,R73B,25.0621      25.0621      25.0621,R,1.1049,TRUE,B,0.50209,TRUE,25.0621,
./data/scz_seq_sim_divided_attn-A18.csv,11/23/2015, 4:09:08 PM,scz_seq_sim_divided_attn,A18,191,sequential,no_catch,0.68536,1UB2,25.0123      25.0123      25.0123,U,1.0995,TRUE,B,0.51656,TRUE,25.0123,
./data/scz_seq_sim_divided_attn-A18.csv,11/23/2015, 4:09:08 PM,scz_seq_sim_divided_attn,A18,192,sequential,no_catch,0.71452,1HJ5,24.9637      24.9637      24.9637,H,1.014,TRUE,J,0.51665,TRUE,24.9637,
./data/scz_seq_sim_divided_attn-A18.csv,11/23/2015, 4:09:08 PM,scz_seq_sim_divided_attn,A18,193,sequential,no_catch,0.5827,7UV1,24.9159      24.9159      24.9159,U,0.99733,TRUE,V,0.43208,TRUE,24.9159,
./data/scz_seq_sim_divided_attn-A18.csv,11/23/2015, 4:09:08 PM,scz_seq_sim_divided_attn,A18,194,sequential,no_catch,0.62057,8J3F,24.8685      24.8685      24.8685,J,1.1897,TRUE,F,0.61982,TRUE,24.8685,
./data/scz_seq_sim_divided_attn-A18.csv,11/23/2015, 4:09:08 PM,scz_seq_sim_divided_attn,A18,195,sequential,no_catch,0.63792,R98Z,24.8212      24.8212      24.8212,R,1.2913,TRUE,Z,0.51719,TRUE,24.8212,
./data/scz_seq_sim_divided_attn-A18.csv,11/23/2015, 4:09:08 PM,scz_seq_sim_divided_attn,A18,196,sequential,no_catch,0.57848,T86Y,24.7738      24.7738      24.7738,T,1.253,TRUE,Y,0.3314,TRUE,24.7738,
./data/scz_seq_sim_divided_attn-A18.csv,11/23/2015, 4:09:08 PM,scz_seq_sim_divided_attn,A18,197,sequential,no_catch,0.7129,Q6Z8,24.7261      24.7261      24.7261,Q,1.1592,TRUE,Z,0.39223,TRUE,24.7261,
./data/scz_seq_sim_divided_attn-A18.csv,11/23/2015, 4:09:08 PM,scz_seq_sim_divided_attn,A18,198,sequential,no_catch,0.54244,M2J9,24.6776      24.6776      24.6776,W,1.1739,FALSE,J,0.2617,TRUE,24.6776,
./data/scz_seq_sim_divided_attn-A18.csv,11/23/2015, 4:09:08 PM,scz_seq_sim_divided_attn,A18,199,sequential,no_catch,0.72958,6S3C,24.7229      24.7229      24.7229,C,1.804,TRUE,W,0.27773,FALSE,24.7229,
./data/scz_seq_sim_divided_attn-A18.csv,11/23/2015, 4:09:08 PM,scz_seq_sim_divided_attn,A18,200,sequential,no_catch,0.57726,2W5G,24.7666      24.7666      24.7666,G,2.0097,TRUE,W,0.26321,TRUE,24.7666,
